title,runtimeMinutes,is_successful,averageRating,technique,era,country
Mighty Mouse: The New Adventures,30.0,0,7.1,Traditional,Golden Age (85-96),United States
Mike Tyson Mysteries,12.0,1,8.2,Traditional,Streaming Era (2010+),United States
"Mike, Lu & Og",30.0,0,6.2,Traditional,Modern (97-09),Coproduction
Miles from Tomorrowland,30.0,0,6.4,CGI,Streaming Era (2010+),United States
Mighty Max,30.0,1,7.8,Traditional,Golden Age (85-96),United States
Mimi and Mr. Bobo,30.0,0,6.7,Traditional,Modern (97-09),Spain
Mini Beat Power Rockers,5.0,0,6.9,CGI,Streaming Era (2010+),Argentina
"Mira, Royal Detective",24.0,0,7.4,CGI,Streaming Era (2010+),Coproduction
Miraculous: Tales of Ladybug & Cat Noir,20.0,1,7.5,CGI,Streaming Era (2010+),France
Mighty Ducks,30.0,0,6.4,Traditional,Golden Age (85-96),United States
Miffy's Adventures Big and Small,7.0,1,8.0,CGI,Streaming Era (2010+),Coproduction
Men in Black: The Series,25.0,0,6.8,Traditional,Modern (97-09),United States
Merlin the Magical Puppy,10.0,0,6.7,CGI,Modern (97-09),United Kingdom
Messy Goes to Okido,11.0,0,6.2,CGI,Streaming Era (2010+),United Kingdom
Mia and Me,20.0,0,6.8,"CGI, Live-action",Streaming Era (2010+),Germany
Mia's Magic Playground,7.0,0,6.0,CGI,Streaming Era (2010+),British
Mickey Mouse,4.0,1,8.1,Flash,Streaming Era (2010+),United States
Mickey Mouse Funhouse,11.0,0,5.3,CGI,Streaming Era (2010+),United States
Mickey Mouse Works,30.0,0,7.1,Traditional,Modern (97-09),United States
Midnight Patrol: Adventures in the Dream Zone,21.0,0,7.2,Traditional,Golden Age (85-96),Coproduction
Moominvalley,22.0,0,7.2,CGI,Streaming Era (2010+),Coproduction
Moonbeam City,22.0,0,6.9,Flash,Streaming Era (2010+),Coproduction
Mot,30.0,0,7.2,Traditional,Golden Age (85-96),France
Monsters vs. Aliens,15.0,0,5.8,CGI,Streaming Era (2010+),United States
Mouk,11.0,0,7.4,Flash,Streaming Era (2010+),France
Mr. Bean: The Animated Series,11.0,1,6.9,"Traditional (first 3 seasons, later seasons use Flash)",Modern (97-09),United Kingdom
Mr. Bogus,30.0,1,7.4,Traditional,Golden Age (85-96),United States
Mr. Men and Little Miss,5.0,1,7.4,Traditional,Golden Age (85-96),United Kingdom
Monsters At Work,22.0,0,7.0,CGI,Streaming Era (2010+),United States
Mission Hill,30.0,1,7.8,Traditional,Modern (97-09),United States
Mofy,5.0,1,7.9,Stop-motion,Streaming Era (2010+),Coproduction
Molly of Denali,30.0,1,8.7,Flash,Streaming Era (2010+),Coproduction
Momma Named Me Sheriff,12.0,0,6.1,Flash,Streaming Era (2010+),United States
Mona the Vampire,23.0,0,6.2,Traditional,Modern (97-09),Coproduction
Mongo Wrestling Alliance,11.0,0,3.9,Flash/CGI,Streaming Era (2010+),United States
Monster by Mistake,22.0,0,5.3,CGI,Golden Age (85-96),Canada
Monster Force,25.0,0,7.0,Traditional,Golden Age (85-96),Coproduction
Mega Man: Fully Charged,11.0,0,4.2,CGI,Streaming Era (2010+),Coproduction
Little Rosey,30.0,0,5.7,Traditional,Golden Age (85-96),Coproduction
Little Shop,30.0,0,4.0,Traditional,Golden Age (85-96),United States
Littlest Pet Shop,30.0,0,6.7,Traditional,Golden Age (85-96),United States
Llama Llama,24.0,0,6.4,Flash,Streaming Era (2010+),United States
Lloyd in Space,30.0,0,6.6,Traditional,Modern (97-09),United States
Loggerheads,25.0,1,8.0,Traditional,Modern (97-09),Germany
LoliRock,22.0,1,7.6,Flash/Traditional,Streaming Era (2010+),France
Lizzie McGuire,30.0,0,6.6,Traditional/Live-Action,Modern (97-09),United States
Liberty's Kids,30.0,1,7.9,Traditional,Modern (97-09),United States
Life with Louie,30.0,1,8.3,Traditional,Golden Age (85-96),United States
Lilo & Stitch: The Series,22.0,0,6.8,Traditional,Modern (97-09),United States
Liquid Television,30.0,1,8.1,Traditional,Golden Age (85-96),United States
Little Bear,24.0,1,7.3,Traditional,Golden Age (85-96),Coproduction
Little Bill,30.0,0,6.3,Traditional,Modern (97-09),United States
Little Charmers,22.0,0,5.5,CGI,Streaming Era (2010+),Canada
Little Demon,26.0,0,7.0,Flash,Streaming Era (2010+),United States
Little Dracula,30.0,0,6.3,Traditional,Golden Age (85-96),United States
Little Ellen,11.0,0,1.8,Flash,Streaming Era (2010+),United States
Mega Babies,30.0,0,2.6,Traditional,Modern (97-09),Coproduction
Los Trotamúsicos,30.0,0,6.1,Traditional,Golden Age (85-96),Spain
Martin Mystery,22.0,1,7.5,Traditional,Modern (97-09),Coproduction
Marvin the Tap-Dancing Horse,30.0,0,6.4,Flash,Modern (97-09),Coproduction
Mary Shelley's Frankenhole,15.0,0,7.1,Stop Motion,Streaming Era (2010+),United States
Mary-Kate and Ashley in Action!,30.0,0,4.0,Traditional,Modern (97-09),United States
Masters of the Universe: Revelation,25.0,0,5.6,Traditional,Streaming Era (2010+),United States
Max & Ruby,30.0,0,6.2,Flash,Modern (97-09),Canada
Max Steel,30.0,0,6.2,CGI,Modern (97-09),Coproduction
Max Steel,23.0,0,6.6,CGI,Streaming Era (2010+),Coproduction
Maxie's World,30.0,0,6.8,Traditional,Golden Age (85-96),United States
McGee and Me!,30.0,0,7.0,Traditional,Golden Age (85-96),United States
Matt Hatter Chronicles,22.0,0,7.0,CGI,Streaming Era (2010+),Coproduction
Martha Speaks,28.0,1,6.7,Flash,Modern (97-09),Coproduction
Marsupilami,30.0,0,6.1,Traditional,Golden Age (85-96),Coproduction
M.O.D.O.K.,22.0,0,6.4,Stop Motion,Streaming Era (2010+),United States
Mad,12.0,0,6.0,"Traditional, Flash, Stop Motion, CGI, Live-action",Streaming Era (2010+),United States
Mad Jack the Pirate,30.0,1,8.5,Traditional,Modern (97-09),United States
Madagascar: A Little Wild,23.0,0,5.9,CGI,Streaming Era (2010+),United States
Mademoiselle Zazie,7.0,0,5.6,CGI,Streaming Era (2010+),France
Magi-Nation,22.0,0,6.6,Traditional,Modern (97-09),Coproduction
Magical Girl Friendship Squad,12.0,0,3.4,Flash,Streaming Era (2010+),United States
Maisy,5.0,0,6.6,Traditional,Modern (97-09),United Kingdom
Let's Go Luna!,30.0,0,7.5,Flash,Streaming Era (2010+),Coproduction
Mummies Alive!,30.0,0,7.0,Traditional,Modern (97-09),United States
Peppa Pig,9.0,0,6.2,Flash,Modern (97-09),United Kingdom
Pepper Ann,30.0,1,7.1,Traditional,Modern (97-09),United States
Peter Pan and the Pirates,30.0,0,7.2,Traditional,Golden Age (85-96),United States
Penny Crayon,10.0,0,6.8,Traditional,Golden Age (85-96),United Kingdom
Phantom 2040,30.0,0,7.2,Traditional,Golden Age (85-96),Coproduction
Phineas and Ferb,15.0,1,8.1,Traditional,Modern (97-09),United States
Pickle and Peanut,30.0,0,4.6,Flash,Streaming Era (2010+),United States
Pig City,30.0,0,7.4,Traditional,Modern (97-09),Coproduction
Pig Goat Banana Cricket,22.0,0,3.5,Flash,Streaming Era (2010+),United States
Pigeon Boy,26.0,0,7.7,Traditional,Modern (97-09),France
Piggsburg Pigs!,44.0,0,6.1,Traditional,Golden Age (85-96),Coproduction
Pikwik Pack,24.0,1,8.2,Flash,Streaming Era (2010+),United States
Phantom Investigators,30.0,0,7.6,Stop Motion,Modern (97-09),United States
Pelswick,30.0,0,6.8,Traditional,Modern (97-09),Coproduction
Pac-Man and the Ghostly Adventures,30.0,0,4.7,CGI,Streaming Era (2010+),Coproduction
Packages from Planet X,22.0,0,6.4,Flash,Streaming Era (2010+),Coproduction
Paddington Bear,30.0,0,7.2,Traditional,Golden Age (85-96),Coproduction
Pakdam Pakdai,11.0,0,6.3,Flash,Streaming Era (2010+),India
Pantheon,41.0,1,8.5,Traditional,Streaming Era (2010+),United States
PAW Patrol,23.0,0,6.1,CGI,Streaming Era (2010+),Coproduction
PB Bear and Friends,5.0,1,8.1,Stop Motion,Modern (97-09),United Kingdom
PB&J Otter,15.0,0,6.9,Traditional,Modern (97-09),United States
Pecola,30.0,0,5.5,CGI,Modern (97-09),Coproduction
Pablo the Little Red Fox,5.0,1,8.1,Traditional,Modern (97-09),United Kingdom
Ping and Friends,7.0,1,8.1,Flash,Streaming Era (2010+),Canada Brazil
Pinkalicious & Peterrific,30.0,0,5.1,Flash,Streaming Era (2010+),United States
Popeye and Son,30.0,0,5.7,Traditional,Golden Age (85-96),United States
Postcards from Buster,22.0,0,5.8,Traditional/Live-action,Modern (97-09),Coproduction
Powerbirds,22.0,0,7.6,Flash,Streaming Era (2010+),United States
Presto! School of Magic,11.0,1,8.7,CGI,Streaming Era (2010+),France
Preston Pig,15.0,0,6.2,Traditional,Modern (97-09),United Kingdom
Primal,22.0,1,8.6,Traditional,Streaming Era (2010+),United States
Princess Sissi,30.0,0,6.9,Traditional,Modern (97-09),Coproduction
Princesse Shéhérazade,25.0,0,7.4,Traditional,Golden Age (85-96),France
Power Players,11.0,0,5.1,CGI,Streaming Era (2010+),Coproduction
Pond Life,30.0,1,8.0,Traditional,Golden Age (85-96),United Kingdom
Polly Pocket,22.0,0,5.9,Flash,Streaming Era (2010+),Coproduction
Pinky and the Brain,30.0,1,7.8,Traditional,Golden Age (85-96),United States
"Pinky, Elmyra & the Brain",30.0,0,5.8,Traditional,Modern (97-09),United States
Pippi Longstocking,30.0,0,6.2,Traditional,Modern (97-09),Coproduction
Pirate Express,22.0,0,7.5,Flash,Streaming Era (2010+),Coproduction
PJ Masks,24.0,0,5.3,CGI,Streaming Era (2010+),France
Planet Sheen,30.0,0,3.0,CGI,Streaming Era (2010+),United States
Pocoyo,7.0,1,7.1,CGI,Modern (97-09),Coproduction
Pink Panther and Pals,25.0,0,6.7,Traditional/Toon Boom,Streaming Era (2010+),United States
Mumble Bumble,5.0,1,8.4,Traditional,Modern (97-09),Coproduction
Ozzy & Drix,30.0,0,6.9,Traditional,Modern (97-09),United States
Neighbors from Hell,30.0,0,5.9,Flash,Streaming Era (2010+),United States
Nella the Princess Knight,22.0,0,5.1,Flash/Toon Boom,Streaming Era (2010+),Coproduction
Nellie the Elephant,5.0,0,6.2,Traditional,Golden Age (85-96),United Kingdom
New Kids on the Block,30.0,0,4.4,Traditional,Golden Age (85-96),United States
New Looney Tunes,11.0,0,5.8,Flash/Traditional,Streaming Era (2010+),United States
Ned's Newt,30.0,0,6.4,Traditional,Modern (97-09),Coproduction
Night Sweats,22.0,0,6.5,Traditional,Streaming Era (2010+),Canada
Nina's World,22.0,0,6.6,Flash,Streaming Era (2010+),Coproduction
Noah's Island,25.0,1,7.3,Traditional,Modern (97-09),United Kingdom
Noddy,30.0,0,5.6,"Stop-Motion, Live-Action",Modern (97-09),Coproduction
Nightmare Ned,30.0,0,7.1,Traditional,Modern (97-09),United States
Nature Cat,24.0,1,7.3,Flash,Streaming Era (2010+),Coproduction
NASCAR Racers,30.0,0,6.3,Traditional,Modern (97-09),Coproduction
Muppet Babies,23.0,0,6.5,CGI,Streaming Era (2010+),United States
Mutant League,30.0,0,7.5,Traditional,Golden Age (85-96),United States
My Gym Partner's a Monkey,22.0,0,5.8,Traditional,Modern (97-09),United States
My Life Me,22.0,0,4.4,Flash,Streaming Era (2010+),Coproduction
My Little Pony Tales,30.0,0,6.4,Traditional,Golden Age (85-96),United States
My Little Pony: Friendship Is Magic,22.0,1,7.8,Flash,Streaming Era (2010+),Coproduction
My Little Pony: Make Your Mark,44.0,0,5.9,CGI,Streaming Era (2010+),United States
My Little Pony: Pony Life,11.0,0,5.0,Flash,Streaming Era (2010+),Coproduction
My Little Pony: Tell Your Tale,5.0,0,5.2,Flash,Streaming Era (2010+),United States
My Pet Monster,30.0,0,6.8,Traditional,Golden Age (85-96),Canada
Noddy's Toyland Adventures,10.0,0,6.1,Stop-motion,Golden Age (85-96),United Kingdom
Numb Chucks,22.0,0,5.0,Flash,Streaming Era (2010+),Canada
Om Nom Stories,3.0,1,6.0,"Flash, Live-Action (seasons 1–2)",Streaming Era (2010+),Coproduction
Once Upon a Time... Life,30.0,1,8.2,Traditional,Golden Age (85-96),France
Once Upon a Time... The Americas,30.0,0,7.3,Traditional,Golden Age (85-96),France
Once Upon a Time... The Discoverers,30.0,0,7.6,Traditional,Golden Age (85-96),France
Once Upon a Time... The Explorers,30.0,0,7.5,Traditional,Golden Age (85-96),France
Olliver's Adventures,22.0,0,6.3,Flash,Modern (97-09),Canada
Oswald,30.0,0,7.6,Traditional,Modern (97-09),Coproduction
Our Cartoon President,30.0,0,5.5,Flash,Streaming Era (2010+),United States
Out of Jimmy's Head,30.0,0,2.4,Flash/Live-Action,Modern (97-09),United States
Ovide and the Gang,30.0,0,7.1,Traditional,Golden Age (85-96),Canada
Ollie's Pack,22.0,0,6.0,Traditional,Streaming Era (2010+),Canada
Old Bear Stories,10.0,1,8.4,Traditional,Golden Age (85-96),United Kingdom
Octonauts: Above & Beyond,25.0,0,7.2,CGI,Streaming Era (2010+),Coproduction
Odo,7.0,1,7.8,Flash,Streaming Era (2010+),United States
Off the Air,11.0,1,8.4,"Traditional, Flash, CGI, Live-action, Stop Motion",Streaming Era (2010+),United States
Oh No! It's an Alien Invasion,11.0,0,2.7,CGI,Streaming Era (2010+),Canada
Leo the Wildlife Ranger,22.0,1,8.3,CGI,Streaming Era (2010+),Singapore
Lego Star Wars: The Yoda Chronicles,25.0,0,7.0,CGI,Streaming Era (2010+),Denmark
Gabby's Dollhouse,24.0,1,7.1,CGI/Live-Action,Streaming Era (2010+),United States
Futurama,22.0,1,8.5,Traditional,Modern (97-09),United States
Garfield and Friends,30.0,1,7.2,Traditional,Golden Age (85-96),United States
Gary & Mike,22.0,0,7.5,Stop Motion,Modern (97-09),United States
Gawayn,13.0,0,6.5,Flash,Modern (97-09),France
Generation O!,26.0,0,6.6,Traditional,Modern (97-09),United States
Gargoyles,30.0,1,8.0,Traditional,Golden Age (85-96),United States
Funpak,23.0,0,6.7,"Flash, CGI, Stop-motion, Traditional",Modern (97-09),Canada
Franklin,23.0,0,6.5,Traditional,Modern (97-09),Canada
Freakazoid!,30.0,1,7.5,Traditional,Golden Age (85-96),United States
Freaky Stories,22.0,1,7.5,Traditional,Modern (97-09),Canada
Fred the Caveman,7.0,0,6.8,Traditional,Modern (97-09),Coproduction
Fresh Beat Band of Spies,21.0,0,7.1,Flash,Streaming Era (2010+),Coproduction
Fudêncio e Seus Amigos,15.0,1,7.5,Flash,Modern (97-09),Brazil
Generator Rex,24.0,1,7.6,Traditional,Streaming Era (2010+),United States
George and Martha,30.0,0,7.1,Traditional,Modern (97-09),Coproduction
George Shrinks,30.0,0,6.6,Traditional,Modern (97-09),Coproduction
Gravity Falls,23.0,1,8.9,Traditional,Streaming Era (2010+),United States
Green Eggs and Ham,26.0,1,8.1,Traditional,Streaming Era (2010+),United States
Grim & Evil,22.0,1,7.4,Traditional,Modern (97-09),United States
Grizzly Tales for Gruesome Kids,23.0,1,7.4,"Traditional, Claymation, Flash",Modern (97-09),United Kingdom
Gravedale High,30.0,0,6.5,Traditional,Golden Age (85-96),United States
Gummibär & Friends: The Gummy Bear Show,8.0,0,2.4,CGI,Streaming Era (2010+),Germany
H2O: Mermaid Adventures,25.0,0,5.3,Traditional,Streaming Era (2010+),Coproduction
Zootopia+,8.0,0,6.8,CGI,Streaming Era (2010+),United States
Gordon the Garden Gnome,11.0,1,8.0,Traditional,Modern (97-09),Coproduction
Goof Troop,22.0,0,6.8,Traditional,Golden Age (85-96),United States
Get Blake!,22.0,0,5.2,Flash,Streaming Era (2010+),Coproduction
Get Ed,30.0,0,6.5,CGI,Modern (97-09),Coproduction
Get Rolling with Otis,22.0,1,8.0,CGI,Streaming Era (2010+),United States
Ghostforce,22.0,0,5.2,CGI,Streaming Era (2010+),United States
Glitch Techs,25.0,1,7.7,Flash,Streaming Era (2010+),United States
Go! Go! Cory Carson,11.0,1,7.7,CGI,Streaming Era (2010+),Coproduction
"God, the Devil and Bob",30.0,0,7.5,Traditional,Modern (97-09),United States
Godzilla: The Series,30.0,0,6.8,Traditional,Modern (97-09),United States
Golan the Insatiable,15.0,0,6.8,Flash,Streaming Era (2010+),United States
Hamster & Gretel,11.0,0,6.8,Flash,Streaming Era (2010+),United States
Fourways Farm,9.0,1,8.3,Traditional,Golden Age (85-96),United Kingdom
Elinor Wonders Why,30.0,1,8.0,Flash,Streaming Era (2010+),Coproduction
Elliott from Earth,12.0,0,7.4,Flash,Streaming Era (2010+),United Kingdom
Erky Perky,11.0,0,5.9,CGI,Modern (97-09),Coproduction
El Tigre: The Adventures of Manny Rivera,22.0,0,6.3,Flash,Modern (97-09),United States
Everything's Rosie,11.0,1,7.3,CGI,Streaming Era (2010+),United Kingdom
Exosquad,30.0,1,8.4,Traditional,Golden Age (85-96),United States
Extreme Dinosaurs,30.0,0,6.4,Traditional,Modern (97-09),United States
Extreme Ghostbusters,23.0,0,6.9,Traditional,Modern (97-09),United States
F Is for Family,30.0,1,8.0,Flash,Streaming Era (2010+),United States
El Deafo,25.0,0,7.7,Traditional,Streaming Era (2010+),United States
Eek! The Cat,30.0,1,7.2,Traditional,Golden Age (85-96),Coproduction
Droners,22.0,1,7.8,Flash,Streaming Era (2010+),France
Duck Dodgers,11.0,1,7.7,Traditional,Modern (97-09),United States
DuckTales,23.0,1,8.0,Traditional,Golden Age (85-96),United States
"Dude, That's My Ghost!",11.0,0,5.9,Flash,Streaming Era (2010+),Coproduction
Dumb and Dumber,21.0,0,5.5,Traditional,Golden Age (85-96),United States
Duncanville,22.0,0,6.4,Traditional,Streaming Era (2010+),United States
Eagle Riders,20.0,0,7.7,Traditional,Golden Age (85-96),United States
Earthworm Jim,30.0,0,7.3,Traditional,Golden Age (85-96),United States
Eckhart,22.0,1,7.9,Traditional,Modern (97-09),Coproduction
"Ed, Edd n Eddy",30.0,1,7.4,Traditional,Modern (97-09),Coproduction
Foster's Home for Imaginary Friends,30.0,1,7.5,Flash,Modern (97-09),United States
Fairfax,30.0,0,5.4,Flash,Streaming Era (2010+),United States
Fairy Tale Police Department,24.0,0,7.3,Traditional,Modern (97-09),Australia
Firehouse Tales,30.0,0,7.2,Traditional,Modern (97-09),United States
Fireman Sam,10.0,1,6.0,Stop-motion,Golden Age (85-96),United Kingdom
Fish Hooks,22.0,0,5.0,Flash,Streaming Era (2010+),United States
Fish Police,30.0,1,7.8,Traditional,Golden Age (85-96),United States
Flash Gordon,30.0,0,5.6,Traditional,Golden Age (85-96),Coproduction
Fluffy Gardens,7.0,1,7.9,Flash,Modern (97-09),Ireland
Fly Tales,5.0,0,7.3,Traditional,Modern (97-09),Coproduction
Flying Rhino Junior High,25.0,0,6.4,Traditional,Modern (97-09),Coproduction
Flipper and Lopaka,30.0,0,6.2,Traditional,Modern (97-09),Australia
Filly Funtasia,30.0,0,5.6,CGI,Streaming Era (2010+),Coproduction
Fillmore!,30.0,1,7.6,Traditional,Modern (97-09),United States
Family Dog,30.0,0,6.9,Traditional,Golden Age (85-96),Coproduction
Family Guy,22.0,1,8.1,Traditional (seasons 1–7); Toon Boom Harmony (season 8 onward),Modern (97-09),United States
Fancy Nancy,22.0,0,5.3,CGI,Streaming Era (2010+),United States
Fantastic Max,30.0,0,6.9,Traditional,Golden Age (85-96),United States
Fantasy Patrol,11.0,1,7.6,CGI/Flash,Streaming Era (2010+),Russia
Fantomcat,25.0,1,8.1,Traditional,Golden Age (85-96),United Kingdom
Farzar,30.0,0,5.7,Flash,Streaming Era (2010+),United States
Fast & Furious Spy Racers,23.0,0,5.9,CGI,Streaming Era (2010+),United States
Fat Dog Mendoza,30.0,0,6.0,Traditional,Modern (97-09),Coproduction
Fiddley Foodle Bird,10.0,1,7.8,Traditional,Golden Age (85-96),United Kingdom
Fifi and the Flowertots,10.0,0,5.4,Stop Motion,Modern (97-09),United Kingdom
Fairview,24.0,0,1.4,Flash,Streaming Era (2010+),United States
Hanazuki: Full of Treasures,11.0,1,8.0,Flash,Streaming Era (2010+),United States
Kamp Koral: SpongeBob's Under Years,22.0,0,3.7,CGI,Streaming Era (2010+),United States
Katie and Orbie,30.0,1,7.4,"Traditional (1994–2001), Flash (2002–2003)",Golden Age (85-96),Canada
KaBlam!,30.0,1,7.8,Traditional,Golden Age (85-96),United States
Kick Buttowski: Suburban Daredevil,23.0,0,6.7,Flash,Streaming Era (2010+),United States
Kid vs. Kat,22.0,0,6.1,Flash,Modern (97-09),Canada
Kid-E-Cats,5.0,0,6.6,Flash,Streaming Era (2010+),Coproduction
Kim Possible,22.0,1,7.2,Traditional,Modern (97-09),United States
Kid Cosmic,25.0,1,8.0,Traditional,Streaming Era (2010+),United States
Justin Time,22.0,0,6.7,CGI,Streaming Era (2010+),Canada
Justice League: Gods and Monsters Chronicles,6.0,0,7.5,Traditional,Streaming Era (2010+),United States
JJ Villard's Fairy Tales,11.0,0,5.9,Traditional,Streaming Era (2010+),United States
John Dillermand,5.0,0,6.4,Stop Motion,Streaming Era (2010+),Denmark
Johnny Bravo,30.0,1,7.2,Traditional,Modern (97-09),United States
Jorel's Brother,11.0,1,9.0,Flash/Traditional,Streaming Era (2010+),Brazil
Joshua Jones,10.0,1,8.1,Traditional,Golden Age (85-96),Coproduction
Julius Jr.,11.0,0,4.8,Flash,Streaming Era (2010+),United States
Jumanji,22.0,0,6.4,Traditional,Golden Age (85-96),United States
Jungle Cubs,30.0,0,6.1,Traditional,Golden Age (85-96),United States
Jungle Show,5.0,0,7.7,Traditional,Golden Age (85-96),Coproduction
Junior Express,25.0,1,8.4,"Live action, CGI, Flash",Streaming Era (2010+),Argentina
Justice League,22.0,1,8.5,Traditional,Modern (97-09),United States
Justice League Action,11.0,0,7.5,Traditional,Streaming Era (2010+),United States
King Arthur's Disasters,24.0,0,7.1,Flash,Modern (97-09),United Kingdom
Lapitch the Little Shoemaker,30.0,0,7.2,Traditional,Modern (97-09),Coproduction
Larva,2.0,0,6.9,CGI,Streaming Era (2010+),South Korea
Lascars,1.0,0,7.4,Traditional,Modern (97-09),France
Lavender Castle,10.0,1,8.1,"Stop Motion, CGI",Modern (97-09),United Kingdom
Lazor Wulf,12.0,0,5.4,"Traditional (2019), Flash (2020)",Streaming Era (2010+),United States
Legend of the Three Caballeros,22.0,0,7.6,Flash,Streaming Era (2010+),United States
Kuu Kuu Harajuku,22.0,0,3.8,Flash,Streaming Era (2010+),Coproduction
Kung Fu Panda: The Paws of Destiny,24.0,0,7.2,CGI,Streaming Era (2010+),United States
King of the Hill,30.0,1,7.6,Traditional,Modern (97-09),United States
Kipo and the Age of Wonderbeasts,24.0,1,8.3,Traditional,Streaming Era (2010+),Coproduction
Kipper,47.0,1,7.1,Traditional,Modern (97-09),United Kingdom
Kirby Buckets,25.0,0,5.0,Traditional/Live-Action,Streaming Era (2010+),United States
Kit and Kate,5.0,0,7.4,Flash,Streaming Era (2010+),Coproduction
Kitty Is Not a Cat,11.0,0,6.7,Flash,Streaming Era (2010+),Australia
Kong: The Animated Series,30.0,0,5.7,Traditional,Modern (97-09),Coproduction
Krypto the Superdog,30.0,0,5.7,Traditional,Modern (97-09),United States
King Arthur and the Knights of Justice,30.0,0,7.2,Traditional,Golden Age (85-96),United States
Hero Elementary,30.0,0,6.4,Flash,Streaming Era (2010+),United States
Hero Factory,88.0,0,5.7,CGI,Streaming Era (2010+),Denmark
Hey Arnold!,15.0,1,7.6,Traditional,Golden Age (85-96),United States
Hi Hi Puffy AmiYumi,22.0,0,6.1,Flash,Modern (97-09),United States
Henry's World,22.0,0,7.2,Stop Motion,Modern (97-09),Canada
Highlander: The Animated Series,30.0,0,6.3,Traditional,Golden Age (85-96),Coproduction
Hilda,24.0,1,8.6,Traditional,Streaming Era (2010+),Coproduction
Hilltop Hospital,10.0,0,7.3,Stop Motion,Modern (97-09),United Kingdom
Histeria!,30.0,1,7.7,Traditional,Modern (97-09),United States
Hit-Monkey,22.0,1,7.7,Traditional,Streaming Era (2010+),United States
Home Movies,30.0,1,8.2,Traditional,Modern (97-09),United States
High School USA!,10.0,0,6.3,Flash,Streaming Era (2010+),United States
Henry Hugglemonster,22.0,0,5.3,CGI,Streaming Era (2010+),Coproduction
Helluva Boss,20.0,1,8.0,Flash,Streaming Era (2010+),United States
Harley Quinn,23.0,1,8.4,Flash,Streaming Era (2010+),United States
Harriet the Spy,23.0,0,6.8,Flash,Streaming Era (2010+),United States
Harry and His Bucket Full of Dinosaurs,11.0,1,6.1,Traditional,Modern (97-09),Coproduction
Harvey Beaks,22.0,0,7.1,Traditional,Streaming Era (2010+),United States
Harvey Girls Forever!,23.0,0,6.7,Flash,Streaming Era (2010+),France
Hazbin Hotel,32.0,1,7.6,Flash,Streaming Era (2010+),United States
He-Man and the Masters of the Universe,30.0,1,7.5,Traditional,Modern (97-09),United States
He-Man and the Masters of the Universe,26.0,0,5.9,CGI,Streaming Era (2010+),United States
Headspace Guide to Sleep,20.0,0,6.8,Traditional,Streaming Era (2010+),United States
Hell Den,11.0,0,5.5,Flash,Streaming Era (2010+),United States
Hello Kitty's Furry Tale Theater,23.0,0,6.8,Traditional,Golden Age (85-96),Coproduction
Hoops,25.0,0,6.0,Flash,Streaming Era (2010+),United States
Hopeless Pictures,17.0,0,7.0,Flash,Modern (97-09),United States
Horrible Histories,24.0,0,7.1,Traditional,Modern (97-09),United Kingdom
Inside Job,30.0,1,7.7,Traditional,Streaming Era (2010+),United States
Inspector Gadget,22.0,0,4.7,CGI,Streaming Era (2010+),Canada
Invader Zim,24.0,1,8.4,Traditional,Modern (97-09),United States
Invasion America,30.0,0,7.5,Traditional,Modern (97-09),United States
Invincible,50.0,1,8.7,Traditional,Streaming Era (2010+),United States
Iron Man,30.0,0,6.5,Traditional,Golden Age (85-96),United States
It's Pony,11.0,0,6.6,Traditional,Streaming Era (2010+),United Kingdom
Jackie Chan Adventures,30.0,1,7.4,Traditional,Modern (97-09),Coproduction
James Bond Jr.,30.0,0,6.1,Traditional,Golden Age (85-96),United States
Insektors,12.0,1,7.6,CGI,Golden Age (85-96),France
Infinity Train,11.0,1,8.4,Traditional,Streaming Era (2010+),United States
Hotel Transylvania: The Series,21.0,0,5.6,Toon Boom Harmony,Streaming Era (2010+),Coproduction
House of Mouse,30.0,1,7.5,Traditional,Modern (97-09),United States
Housebroken,21.0,0,6.4,Flash,Streaming Era (2010+),United States
Hulk and the Agents of S.M.A.S.H.,23.0,0,6.1,Traditional,Streaming Era (2010+),United States
Human Resources,30.0,0,7.1,Flash,Streaming Era (2010+),United States
Hurricanes,30.0,1,6.9,Traditional,Golden Age (85-96),Coproduction
Huxley Pig,10.0,0,7.6,Stop-motion,Golden Age (85-96),United Kingdom
I Am Groot,4.0,0,6.7,CGI,Streaming Era (2010+),United States
I Am Weasel,30.0,0,6.5,Traditional,Modern (97-09),United States
I Heart Arlo,11.0,0,6.7,Flash,Streaming Era (2010+),United States
Inanimate Insanity,20.0,1,8.4,Flash,Streaming Era (2010+),United States
Problem Child,30.0,0,3.8,Traditional,Golden Age (85-96),United States
Project G.e.e.K.e.R.,25.0,1,7.8,Traditional,Golden Age (85-96),United States
The Savage Dragon,22.0,0,6.5,Traditional,Golden Age (85-96),Coproduction
The Shivering Truth,11.0,1,8.1,Stop-motion,Streaming Era (2010+),United States
The Shoe People,5.0,0,7.2,Traditional,Golden Age (85-96),United Kingdom
The Simpsons,22.0,1,8.6,Traditional,Golden Age (85-96),United States
The Smoggies,30.0,0,6.6,Traditional,Golden Age (85-96),Coproduction
The Smurfs,12.0,0,6.4,CGI,Streaming Era (2010+),Coproduction
The Spectacular Spider-Man,23.0,1,8.4,Traditional,Modern (97-09),United States
The Spooktacular New Adventures of Casper,25.0,0,5.9,Traditional,Golden Age (85-96),United States
The Ripping Friends,30.0,0,6.3,Flash,Modern (97-09),Coproduction
The Ricky Gervais Show,30.0,1,8.4,Flash,Streaming Era (2010+),Coproduction
The Pirates of Dark Water,30.0,1,8.2,Traditional,Golden Age (85-96),United States
The PJs,30.0,0,6.8,Stop Motion,Modern (97-09),United States
The Poddington Peas,5.0,0,6.7,Traditional,Golden Age (85-96),United Kingdom
The Pole,13.0,0,5.5,Flash,Streaming Era (2010+),United States
The Pondles,11.0,0,5.6,Traditional,Golden Age (85-96),United Kingdom
The Popeye Show,30.0,0,7.4,Traditional,Modern (97-09),United States
The Powerpuff Girls,30.0,1,7.3,Traditional,Modern (97-09),United States
The Prince,14.0,0,5.8,Flash,Streaming Era (2010+),United States
The Prince of Atlantis,25.0,1,7.8,CGI,Modern (97-09),United Kingdom
The Proud Family,30.0,0,6.6,Traditional,Modern (97-09),United States
The Proud Family: Louder and Prouder,30.0,0,3.3,Traditional,Streaming Era (2010+),United States
The Ratties,5.0,1,7.9,Traditional,Golden Age (85-96),United Kingdom
The Real Adventures of Jonny Quest,21.0,1,7.7,Traditional,Golden Age (85-96),United States
The Ren & Stimpy Show,30.0,1,7.5,Traditional,Golden Age (85-96),United States
The Pink Panther,30.0,0,6.9,Traditional,Golden Age (85-96),United States
The Super Mario Bros. Super Show!,30.0,0,6.3,Traditional,Golden Age (85-96),United States
Theodore Tugboat,15.0,1,7.3,Traditional,Golden Age (85-96),Canada
"This Is America, Charlie Brown",24.0,0,7.4,Traditional,Golden Age (85-96),United States
The Zeta Project,30.0,0,6.9,Traditional,Modern (97-09),United States
Thunderbirds Are Go,22.0,0,6.9,CGI,Streaming Era (2010+),Coproduction
TigerSharks,12.0,0,6.9,Traditional,Golden Age (85-96),United States
Time Squad,30.0,0,7.4,Traditional,Modern (97-09),United States
Time Traveler Luke,20.0,0,7.7,CGI,Streaming Era (2010+),South Korea
Timon & Pumbaa,22.0,0,7.0,Traditional,Golden Age (85-96),United States
Timothy Goes to School,30.0,0,6.7,Traditional,Modern (97-09),Coproduction
ThunderCats Roar,11.0,0,2.2,Traditional,Streaming Era (2010+),United States
The World of Tosh,30.0,0,6.4,Traditional,Modern (97-09),Sweden
The Sylvester & Tweety Mysteries,30.0,1,7.0,Traditional,Golden Age (85-96),United States
The Tick,30.0,1,7.8,Traditional,Golden Age (85-96),United States
The Treacle People,10.0,1,8.7,Traditional,Golden Age (85-96),United Kingdom
The Twisted Tales of Felix the Cat,25.0,0,7.5,Traditional,Golden Age (85-96),United States
The Unstoppable Yellow Yeti,11.0,0,7.3,Toon-Boom,Streaming Era (2010+),Coproduction
The Wacky World of Tex Avery,30.0,0,4.8,Traditional,Modern (97-09),Coproduction
The Weekenders,15.0,1,8.0,Traditional,Modern (97-09),United States
The Wild Thornberrys,30.0,0,6.6,Traditional,Modern (97-09),United States
The Wizard of Oz,30.0,0,6.5,Traditional,Golden Age (85-96),United States
The Wonderful World of Mickey Mouse,8.0,1,7.9,Traditional,Streaming Era (2010+),United States
The World of Peter Rabbit and Friends,24.0,1,8.4,Traditional,Golden Age (85-96),United Kingdom
Tinga Tinga Tales,12.0,1,7.6,Flash,Streaming Era (2010+),Coproduction
The Penguins of Madagascar,11.0,1,7.5,CGI,Modern (97-09),United States
The Hoobs,24.0,0,6.0,Stop Motion,Modern (97-09),United Kingdom
The Incredible Hulk,20.0,0,6.7,Traditional,Golden Age (85-96),United States
The Jellies!,11.0,0,6.3,Flash,Streaming Era (2010+),United States
The Jungle Book,30.0,0,4.8,CGI,Streaming Era (2010+),India
The Jungle Bunch: To the Rescue!,11.0,1,7.3,CGI,Streaming Era (2010+),Coproduction
The Hive,7.0,0,6.3,CGI,Streaming Era (2010+),United Kingdom
The Legend of Korra,23.0,1,8.3,Traditional,Streaming Era (2010+),United States
The Legend of Prince Valiant,22.0,0,7.4,Traditional,Golden Age (85-96),United States
The Legend of Vox Machina,30.0,1,8.4,Traditional,Streaming Era (2010+),United States
The Legend of Zelda,15.0,0,6.0,Traditional,Golden Age (85-96),United States
The Legends of Treasure Island,25.0,1,7.7,Traditional,Golden Age (85-96),United Kingdom
The High Fructose Adventures of Annoying Orange,30.0,0,2.1,Syncro-Vox/Live Action,Streaming Era (2010+),United States
The Heroic Quest of the Valiant Prince Ivandoe,11.0,0,7.3,Flash,Streaming Era (2010+),Coproduction
The Head,22.0,0,7.0,Traditional,Golden Age (85-96),United States
The Enchanted World of Brambly Hedge,30.0,1,8.2,Stop Motion,Golden Age (85-96),United Kingdom
The Epic Tales of Captain Underpants,24.0,0,6.7,Flash,Streaming Era (2010+),United States
The Fairly OddParents,30.0,1,7.2,Traditional (Season 1–10) Flash (Season 10),Modern (97-09),United States
The Fairly OddParents: Fairly Odder,25.0,0,2.5,Flash/Live-Action,Streaming Era (2010+),United States
The Fantastic Voyages of Sinbad the Sailor,30.0,0,7.3,Traditional,Golden Age (85-96),United States
The Further Adventures of SuperTed,30.0,0,7.1,Traditional,Golden Age (85-96),Coproduction
The Ghost and Molly McGee,22.0,0,7.5,Flash,Streaming Era (2010+),United States
The Great North,21.0,0,7.0,Traditional,Streaming Era (2010+),United States
The Harper House,30.0,0,5.5,Flash,Streaming Era (2010+),United States
The Haunted House,26.0,1,7.2,Traditional,Streaming Era (2010+),South Korea
The Patrick Star Show,11.0,0,3.7,Traditional,Streaming Era (2010+),United States
The Life and Times of Juniper Lee,30.0,0,6.4,Traditional,Modern (97-09),United States
The New Adventures of Lucky Luke,30.0,0,7.1,Traditional,Modern (97-09),France
The New Adventures of Ocean Girl,30.0,1,7.9,Traditional,Modern (97-09),Australia
The New Adventures of Winnie the Pooh,30.0,1,7.6,Traditional,Golden Age (85-96),United States
The New Archies,30.0,0,6.1,Traditional,Golden Age (85-96),United States
The New Adventures of He-Man,30.0,0,5.3,Traditional,Golden Age (85-96),United States
The New Batman Adventures,30.0,1,8.4,Traditional,Modern (97-09),United States
The Nudnik Show,30.0,0,6.1,Traditional,Golden Age (85-96),Czechoslovakia
The Oblongs,284.0,0,7.1,Traditional,Modern (97-09),United States
The Octonauts,11.0,1,7.5,CGI,Streaming Era (2010+),Coproduction
The Owl House,22.0,1,8.6,Traditional,Streaming Era (2010+),United States
The New Yogi Bear Show,24.0,0,6.5,Traditional,Golden Age (85-96),United States
The Mr. Peabody & Sherman Show,23.0,0,5.8,Flash,Streaming Era (2010+),United States
The Lionhearts,30.0,0,6.6,Traditional,Modern (97-09),United States
The Little Flying Bears,26.0,1,8.0,Traditional,Golden Age (85-96),Coproduction
The Little Lulu Show,25.0,0,7.2,Traditional,Golden Age (85-96),Coproduction
The Little Mermaid,25.0,0,6.8,Traditional,Golden Age (85-96),United States
The Looney Tunes Show,23.0,1,7.8,Traditional (CGI for shorts),Streaming Era (2010+),United States
The Magic Key,14.0,0,7.0,Traditional,Modern (97-09),United Kingdom
The Magic Roundabout,11.0,0,6.4,CGI,Modern (97-09),United Kingdom
The Magic School Bus,30.0,1,7.8,Traditional,Golden Age (85-96),Coproduction
The Magic School Bus Rides Again,26.0,0,6.3,Flash,Streaming Era (2010+),Coproduction
The Magical Adventures of Quasimodo,26.0,0,6.7,Traditional,Golden Age (85-96),Coproduction
The Marvelous Misadventures of Flapjack,11.0,1,7.8,Traditional,Modern (97-09),United States
The Midnight Gospel,23.0,1,8.2,Flash/Traditional,Streaming Era (2010+),United States
The Mighty B!,24.0,0,5.3,Traditional,Modern (97-09),United States
The Mighty Ones,22.0,0,6.6,Flash,Streaming Era (2010+),United States
The Misfortune of Being Ned,1.0,1,7.6,Flash,Streaming Era (2010+),United States
The Mouse and the Monster,30.0,0,6.5,Traditional,Golden Age (85-96),United States
Tiny Toon Adventures,21.0,1,7.5,Traditional,Golden Age (85-96),United States
Tish Tash,5.0,1,8.2,Flash,Streaming Era (2010+),Coproduction
Wicked!,30.0,0,7.6,Traditional,Modern (97-09),Australia
Wild Kratts,26.0,1,7.7,Flash,Streaming Era (2010+),Coproduction
Wild Life,12.0,0,6.0,Flash,Streaming Era (2010+),United States
Wild West C.O.W.-Boys of Moo Mesa,30.0,0,7.2,Traditional,Golden Age (85-96),United States
Where on Earth Is Carmen Sandiego?,21.0,1,7.2,Traditional,Golden Age (85-96),United States
Willa's Wild Life,25.0,0,6.9,Flash,Modern (97-09),Coproduction
Wing Commander Academy,22.0,0,6.8,Traditional,Golden Age (85-96),United States
Wish Kid,30.0,0,5.7,Traditional,Golden Age (85-96),United States
Wishfart,11.0,0,6.0,Toon Boom Harmony,Streaming Era (2010+),Canada
Wissper,7.0,0,6.5,CGI,Streaming Era (2010+),Coproduction
Wolfboy and the Everything Factory,25.0,0,7.5,Flash,Streaming Era (2010+),British
William's Wish Wellingtons,5.0,0,6.2,Traditional,Golden Age (85-96),United Kingdom
Wheel Squad,23.0,1,7.9,Traditional,Modern (97-09),France
Whatever Happened to... Robot Jones?,30.0,0,6.5,Traditional,Modern (97-09),United States
Wander Over Yonder,30.0,0,7.4,Flash,Streaming Era (2010+),United States
Watership Down,44.0,1,7.6,Traditional,Modern (97-09),Canada
Waynehead,30.0,0,6.5,Traditional,Golden Age (85-96),Coproduction
We Baby Bears,11.0,0,5.6,Traditional,Streaming Era (2010+),United States
We the People,3.0,0,4.2,Flash,Streaming Era (2010+),United States
What a Cartoon!,30.0,1,8.4,Traditional,Golden Age (85-96),United States
What About Mimi?,30.0,0,6.0,Traditional,Modern (97-09),Canada
What If...?,32.0,1,7.3,Traditional/CGI,Streaming Era (2010+),United States
"What's New, Scooby-Doo?",30.0,1,7.4,Traditional,Modern (97-09),United States
What's with Andy?,30.0,1,7.6,Traditional,Modern (97-09),Coproduction
"Wolves, Witches and Giants",15.0,1,7.8,Traditional,Golden Age (85-96),United Kingdom
Woozle & Pip,5.0,1,7.3,Flash,Streaming Era (2010+),Netherlands
Yoho Ahoy,5.0,1,8.3,Traditional,Modern (97-09),United Kingdom
Young Justice,23.0,1,8.6,Traditional,Streaming Era (2010+),United States
Young Robin Hood,26.0,0,6.9,Traditional,Golden Age (85-96),Coproduction
Yvon of the Yukon,30.0,0,6.6,Traditional,Modern (97-09),Canada
Yo Yogi!,30.0,0,5.1,Traditional,Golden Age (85-96),United States
Zevo-3,22.0,0,6.1,Traditional,Streaming Era (2010+),United States
Zig & Sharko,7.0,0,6.8,"Traditional (Season 1), Flash",Streaming Era (2010+),France
Zip Zip,30.0,0,7.4,Flash,Streaming Era (2010+),France
Zoboomafoo,29.0,1,7.6,"Traditional, Stop Motion, Live-Action",Modern (97-09),United States
Zazoo U,30.0,1,7.8,Traditional,Golden Age (85-96),United States
Yo Gabba Gabba!,23.0,0,7.0,Live-Action/Flash,Modern (97-09),United States
Yakkity Yak,15.0,0,4.6,Flash,Modern (97-09),Coproduction
Wow! Wow! Wubbzy!,25.0,0,6.3,Flash,Modern (97-09),United States
Wunschpunsch,30.0,0,7.4,Traditional,Modern (97-09),Coproduction
Wussywat the Clumsy Cat,5.0,0,7.0,Flash,Streaming Era (2010+),Coproduction
X-DuckX,7.0,0,6.4,Traditional,Modern (97-09),France
X-Men,23.0,1,8.4,Traditional,Golden Age (85-96),Coproduction
X-Men: Evolution,23.0,1,7.8,Traditional,Modern (97-09),United States
Xavier Riddle and the Secret Museum,25.0,1,8.0,Flash,Streaming Era (2010+),Coproduction
Xiaolin Chronicles,22.0,0,6.2,"Traditional, CGI (during the showdowns)",Streaming Era (2010+),Coproduction
Xiaolin Showdown,30.0,1,7.4,Traditional,Modern (97-09),United States
Woody Woodpecker,6.0,0,6.2,Flash,Streaming Era (2010+),United States
W.I.T.C.H.,30.0,0,7.3,Traditional,Modern (97-09),Coproduction
Transformers: Cyberverse,11.0,0,6.8,CGI,Streaming Era (2010+),United States
Transformers: Rescue Bots Academy,11.0,0,5.4,Flash,Streaming Era (2010+),Coproduction
Transformers: War for Cybertron Trilogy,30.0,0,7.2,CGI,Streaming Era (2010+),United States
Tree Fu Tom,26.0,0,5.4,CGI,Streaming Era (2010+),United Kingdom
Transformers: Botbots,25.0,0,5.6,Flash,Streaming Era (2010+),United States
Trivia Quest,9.0,0,5.8,Traditional,Streaming Era (2010+),United States
Trolls: The Beat Goes On!,25.0,0,5.9,Traditional,Streaming Era (2010+),Germany
Trollz,23.0,0,5.2,Traditional,Modern (97-09),United States
Trotro,3.0,0,6.3,Flash,Modern (97-09),France
Truckers,11.0,0,7.6,Traditional,Golden Age (85-96),United Kingdom
Toxic Crusaders,24.0,0,6.5,Traditional,Golden Age (85-96),United States
Totally Tooned In,30.0,1,8.1,Traditional,Modern (97-09),United States
Totally Spies!,22.0,1,7.1,Traditional,Modern (97-09),Coproduction
Tom and Jerry in New York,21.0,0,6.9,Flash,Streaming Era (2010+),United States
Tom and Jerry Tales,23.0,0,7.4,Traditional,Modern (97-09),Coproduction
Toon In With Me,60.0,1,7.9,Live-Action/Traditional,Streaming Era (2010+),United States
ToonHeads,30.0,1,8.5,Traditional,Golden Age (85-96),United States
ToonMarty,20.0,0,6.7,Flash,Streaming Era (2010+),Canada
Toonsylvania,30.0,0,7.0,Traditional,Modern (97-09),United States
Toopy and Binoo,23.0,0,7.2,Flash,Modern (97-09),Canada
Total Drama Presents: The Ridonculous Race,22.0,0,7.4,Flash,Streaming Era (2010+),Canada
Total DramaRama,11.0,0,4.0,Flash,Streaming Era (2010+),Coproduction
True and the Rainbow Kingdom,22.0,0,7.1,CGI,Streaming Era (2010+),Canada
Tube Mice,5.0,0,7.0,Traditional,Golden Age (85-96),United Kingdom
Untalkative Bunny,30.0,1,7.7,Traditional,Modern (97-09),Coproduction
Vampirina,25.0,0,6.4,CGI,Streaming Era (2010+),Coproduction
Vic the Viking,13.0,0,5.8,CGI,Streaming Era (2010+),Coproduction
ViR: The Robot Boy,30.0,0,3.3,CGI,Streaming Era (2010+),India
Visionaries: Knights of the Magical Light,30.0,0,7.6,Traditional,Golden Age (85-96),United States
Vixen,5.0,0,6.9,Traditional,Streaming Era (2010+),United States
Voltron Force,30.0,0,6.6,Traditional,Streaming Era (2010+),Coproduction
The Emperor's New School,30.0,0,6.6,Traditional,Modern (97-09),United States
Underground Ernie,12.0,0,5.9,CGI,Modern (97-09),United Kingdom
Underdogs United,11.0,0,7.0,Flash,Streaming Era (2010+),Argentina
Tuca & Bertie,26.0,1,7.4,Flash,Streaming Era (2010+),United States
Tugs,15.0,1,8.5,Stop Motion,Golden Age (85-96),United Kingdom
Turbo FAST,23.0,0,6.5,Flash/Traditional,Streaming Era (2010+),United States
Turning Mecard,26.0,1,8.3,Traditional,Streaming Era (2010+),South Korea
"Twinkle, the Dream Being",30.0,1,7.8,Traditional,Golden Age (85-96),United States
Twipsy,11.0,0,7.7,"Traditional, CGI",Modern (97-09),Germany
Ugly Americans,30.0,1,7.9,Flash,Streaming Era (2010+),United States
Ultimate Book of Spells,22.0,0,6.8,Traditional,Modern (97-09),Canada
Ultimate Spider-Man,23.0,1,7.2,Traditional,Streaming Era (2010+),United States
Ultra City Smiths,18.0,0,6.6,Stop Motion,Streaming Era (2010+),United States
Ultraforce,25.0,0,6.0,Traditional,Golden Age (85-96),United States
Undergrads,30.0,0,7.7,Flash,Modern (97-09),Coproduction
The Dreamstone,25.0,1,7.9,Traditional,Golden Age (85-96),United Kingdom
The Dog & Pony Show,11.0,0,7.7,Traditional,Streaming Era (2010+),Canada
Sharkdog,7.0,0,5.9,CGI,Streaming Era (2010+),United States
Shaun the Sheep,7.0,1,8.1,Stop Motion,Modern (97-09),United Kingdom
She-Ra and the Princesses of Power,30.0,1,8.1,Traditional,Streaming Era (2010+),United States
Sheep in the Big City,30.0,0,6.9,Traditional,Modern (97-09),United States
Shelley Duvall's Bedtime Stories,30.0,0,7.5,"Traditional, Live-action",Golden Age (85-96),United States
Sherlock Holmes in the 22nd Century,30.0,0,7.0,Traditional,Modern (97-09),Coproduction
Sidekick,24.0,0,4.1,Flash,Streaming Era (2010+),Canada
Silver Surfer,20.0,0,7.1,Traditional,Modern (97-09),Coproduction
Shimmer and Shine,30.0,0,5.2,"Flash (season 1), CGI (from season 2)",Streaming Era (2010+),United States
Shadow Raiders,30.0,1,8.1,CGI,Modern (97-09),Canada
Seven Little Monsters,30.0,0,7.0,Traditional,Modern (97-09),Coproduction
Sendokai Champions,11.0,1,8.3,CGI,Streaming Era (2010+),Spain
Samurai Rabbit: The Usagi Chronicles,25.0,0,6.4,CGI,Streaming Era (2010+),United States
Sanjay and Craig,23.0,0,4.8,Traditional,Streaming Era (2010+),United States
Santa Inc.,30.0,0,1.7,Stop Motion,Streaming Era (2010+),United States
Santiago of the Seas,30.0,0,6.5,CGI,Streaming Era (2010+),United States
Santo Bugito,52.0,0,7.0,Traditional,Golden Age (85-96),United States
Saturday Morning All Star Hits!,23.0,0,7.4,Flash/Live-Action,Streaming Era (2010+),United States
Saturday Morning Minions,1.0,0,7.4,Flash,Streaming Era (2010+),United States
Scaredy Squirrel,11.0,0,4.3,Flash,Streaming Era (2010+),Canada
Science Court,30.0,1,8.2,Traditional,Modern (97-09),United States
SciGirls,30.0,1,8.4,Flash,Streaming Era (2010+),United States
Scooby-Doo and Guess Who?,22.0,0,7.3,Traditional,Streaming Era (2010+),United States
Scooby-Doo! Mystery Incorporated,23.0,1,8.2,Traditional,Streaming Era (2010+),United States
Scream Street,11.0,0,7.5,Stop Motion,Streaming Era (2010+),United Kingdom
Sea of Love,10.0,1,8.2,Flash,Streaming Era (2010+),Thai
Secret Millionaires Club,30.0,0,7.5,Flash,Streaming Era (2010+),United States
Simon,5.0,0,6.8,Flash,Streaming Era (2010+),France
Samurai Jack,23.0,1,8.5,Traditional,Modern (97-09),United States
Simon in the Land of Chalk Drawings,30.0,1,7.7,Traditional,Modern (97-09),Coproduction
South Park,22.0,1,8.7,"Cutout animation (""Cartman Gets an Anal Probe""), CGI (""Weight Gain 4000"" onwards)",Modern (97-09),United States
Space Goofs,30.0,0,6.8,Traditional,Modern (97-09),France
Space Strikers,30.0,0,7.0,Traditional,Golden Age (85-96),Coproduction
Sooty's Amazing Adventures,10.0,0,6.2,Traditional,Golden Age (85-96),United Kingdom
Spawn,30.0,1,8.0,Traditional,Modern (97-09),United States
Special Agent Oso,23.0,0,5.4,CGI,Modern (97-09),United States
Spider-Man Unlimited,22.0,0,6.3,Traditional,Modern (97-09),United States
Spider!,5.0,0,7.4,Traditional,Golden Age (85-96),United Kingdom
Spidey and His Amazing Friends,22.0,0,5.8,CGI,Streaming Era (2010+),Coproduction
Sonic Underground,30.0,0,6.0,Traditional,Modern (97-09),Coproduction
Sonic the Hedgehog,22.0,0,6.8,Traditional,Golden Age (85-96),United States
Sitting Ducks,27.0,0,7.0,CGI,Modern (97-09),Coproduction
Skippy: Adventures in Bushtown,24.0,0,7.2,Traditional,Modern (97-09),Australia
Skunk Fu!,13.0,0,5.3,CGI/Flash,Modern (97-09),Coproduction
Sky Commanders,30.0,0,6.9,Traditional,Golden Age (85-96),United States
Sky Dancers,30.0,0,6.5,Traditional,Golden Age (85-96),France
Skylanders Academy,25.0,0,6.8,CGI,Streaming Era (2010+),Coproduction
Skysurfer Strike Force,30.0,0,6.8,Traditional,Golden Age (85-96),United States
Sofia the First,24.0,1,8.7,CGI,Streaming Era (2010+),United States
Solar Opposites,22.0,1,7.9,Flash,Streaming Era (2010+),United States
Sonic Boom,11.0,0,6.9,CGI,Streaming Era (2010+),Coproduction
Spike Team,30.0,1,8.1,Flash,Streaming Era (2010+),Italy
Salad Fingers,10.0,1,8.0,Flash,Modern (97-09),United Kingdom
Raw Toonage,30.0,0,7.2,Traditional,Golden Age (85-96),United States
ReBoot,30.0,1,7.9,CGI,Golden Age (85-96),Canada
ReBoot: The Guardian Code,30.0,0,3.8,"CGI, Live-action",Streaming Era (2010+),Canada
Recess,23.0,1,7.8,Traditional,Modern (97-09),United States
Redwall,30.0,1,8.1,Traditional,Modern (97-09),Coproduction
Regular Show,23.0,1,8.6,Traditional,Streaming Era (2010+),United States
Richie Rich,30.0,0,5.8,Traditional,Golden Age (85-96),United States
Rated A for Awesome,22.0,0,4.7,CGI,Streaming Era (2010+),Canada
Rastamouse,11.0,1,7.5,Stop Motion,Streaming Era (2010+),United Kingdom
Rapunzel's Tangled Adventure,21.0,1,7.7,Toon Boom Harmony,Streaming Era (2010+),United States
ProStars,30.0,0,5.8,Traditional,Golden Age (85-96),United States
Puffin Rock,7.0,1,8.6,Flash,Streaming Era (2010+),Ireland
Pumpkin Reports,11.0,0,7.6,CGI,Streaming Era (2010+),Coproduction
Purple and Brown,1.0,0,7.4,Stop Motion,Modern (97-09),United Kingdom
Q-Force,30.0,0,6.7,Flash,Streaming Era (2010+),United States
Quack Pack,30.0,0,6.7,Traditional,Golden Age (85-96),United States
Raa Raa the Noisy Lion,10.0,0,6.4,Stop Motion,Streaming Era (2010+),United Kingdom
Rainbow Butterfly Unicorn Kitty,11.0,0,4.8,Flash,Streaming Era (2010+),United States
Rainbow Fish,12.0,0,5.7,Traditional,Modern (97-09),Coproduction
Ranger Rob,24.0,0,5.9,CGI,Streaming Era (2010+),Canada
Rick and Morty,23.0,1,9.0,Flash,Streaming Era (2010+),United States
Sammy,30.0,0,6.3,Traditional,Modern (97-09),United States
Ricky Sprocket: Showbiz Boy,30.0,0,3.9,Flash,Modern (97-09),Canada
Ridley Jones,27.0,0,2.0,CGI,Streaming Era (2010+),United States
Rude Dog and the Dweebs,30.0,0,6.6,Traditional,Golden Age (85-96),United States
Rugrats,30.0,1,7.4,Traditional,Golden Age (85-96),United States
Rupert,30.0,1,7.0,Traditional,Golden Age (85-96),Coproduction
Saber Rider and the Star Sheriffs,23.0,1,8.4,Traditional,Golden Age (85-96),Coproduction
Sabrina: Secrets of a Teenage Witch,22.0,0,5.1,CGI,Streaming Era (2010+),United States
Sabrina: The Animated Series,30.0,0,6.0,Traditional,Modern (97-09),United States
"Sagwa, the Chinese Siamese Cat",30.0,0,7.2,Traditional,Modern (97-09),Coproduction
Rolie Polie Olie,24.0,0,6.3,CGI,Modern (97-09),France
Ring Raiders,30.0,0,6.3,Traditional,Golden Age (85-96),United States
"Rise Up, Sing Out",2.0,0,4.5,Flash,Streaming Era (2010+),United States
Road Rovers,30.0,0,7.1,Traditional,Golden Age (85-96),United States
Rob the Robot,15.0,0,7.0,CGI,Streaming Era (2010+),Canada
Robin,5.0,0,7.0,Traditional,Golden Age (85-96),Sweden
RoboCop: Alpha Commando,30.0,0,5.1,Traditional,Modern (97-09),Coproduction
Robotomy,11.0,0,6.5,Traditional,Streaming Era (2010+),United States
Robozuna,22.0,0,5.6,CGI,Streaming Era (2010+),United Kingdom
Rocket Monkeys,22.0,0,3.4,Flash,Streaming Era (2010+),Canada
Rocket Power,30.0,0,6.9,Traditional,Modern (97-09),United States
Rocko's Modern Life,30.0,1,7.9,Traditional,Golden Age (85-96),United States
Spiral Zone,30.0,0,7.4,Traditional,Golden Age (85-96),United States
Spirit Riding Free,23.0,1,6.5,CGI,Streaming Era (2010+),United States
The Adventures of Jimmy Neutron: Boy Genius,24.0,0,6.7,CGI,Modern (97-09),United States
The Adventures of Kid Danger,30.0,0,2.8,Flash,Streaming Era (2010+),United States
The Adventures of Paddington,21.0,1,8.2,CGI,Streaming Era (2010+),Coproduction
The Adventures of Paddington Bear,23.0,0,7.1,Traditional,Modern (97-09),Coproduction
The Adventures of Puss in Boots,23.0,0,6.6,CGI,Streaming Era (2010+),United States
The Adventures of Rocky and Bullwinkle,30.0,0,6.0,Flash,Streaming Era (2010+),United States
The Adventures of Sam,25.0,1,8.1,Traditional,Modern (97-09),Australia
The Adventures of Sam & Max: Freelance Police,22.0,0,7.7,Traditional,Modern (97-09),Coproduction
The Adventures of T-Rex,30.0,0,5.8,Traditional,Golden Age (85-96),Coproduction
The Adventures of Teddy Ruxpin,22.0,0,7.3,Traditional,Golden Age (85-96),United States
The Adventures of Tintin,30.0,1,8.3,Traditional,Golden Age (85-96),Coproduction
The Amazing World of Gumball,11.0,1,8.4,"Flash, Live-Action, CGI",Streaming Era (2010+),Coproduction
The Angry Beavers,30.0,1,7.1,Traditional,Modern (97-09),United States
The Adventures of Super Mario Bros. 3,286.0,0,7.0,Traditional,Golden Age (85-96),Coproduction
The Adventures of Don Coyote and Sancho Panda,30.0,0,6.9,Traditional,Golden Age (85-96),United States
Taz-Mania,30.0,0,6.7,Traditional,Golden Age (85-96),United States
Teacher's Pet,30.0,0,6.2,Traditional,Modern (97-09),United States
Team Umizoomi,24.0,0,6.2,"Flash, CGI, Live-action",Streaming Era (2010+),United States
Team Zenko Go,24.0,0,7.4,CGI,Streaming Era (2010+),United States
Teamo Supremo,30.0,0,4.2,Traditional,Modern (97-09),United States
Teddy Trucks,5.0,1,7.8,Traditional,Golden Age (85-96),United Kingdom
Teen Titans,23.0,1,7.9,Traditional,Modern (97-09),United States
Teen Titans Go!,10.0,0,5.8,Flash,Streaming Era (2010+),United States
Teenage Euthanasia,21.0,0,6.0,Flash,Streaming Era (2010+),United States
Teenage Mutant Ninja Turtles,23.0,1,7.9,Traditional,Golden Age (85-96),Coproduction
Teenage Mutant Ninja Turtles,24.0,1,7.9,CGI/Flash,Streaming Era (2010+),United States
The Addams Family,30.0,0,7.0,Traditional,Golden Age (85-96),United States
The Adventures of Blinky Bill,25.0,0,6.4,Traditional,Golden Age (85-96),Australia
The Animals of Farthing Wood,25.0,1,8.3,Traditional,Golden Age (85-96),United Kingdom
The Avengers: Earth's Mightiest Heroes,30.0,1,8.3,Traditional,Streaming Era (2010+),United States
The Awesomes,23.0,0,7.2,Flash,Streaming Era (2010+),United States
The Chicken Squad,22.0,0,5.7,CGI,Streaming Era (2010+),United States
The Chuck Jones Show,30.0,0,7.4,Traditional,Modern (97-09),United States
The Comic Strip,22.0,1,7.9,Traditional,Golden Age (85-96),United States
The Completely Mental Misadventures of Ed Grimley,30.0,1,7.8,Traditional/Live-Action,Golden Age (85-96),United States
The Creature Cases,28.0,0,7.7,CGI,Streaming Era (2010+),United States
The Croods: Family Tree,22.0,0,6.8,CGI,Streaming Era (2010+),United States
The Daltons,7.0,0,7.1,Traditional,Streaming Era (2010+),France
The DaVincibles,13.0,0,7.2,Flash,Streaming Era (2010+),Coproduction
The Day My Butt Went Psycho!,15.0,0,2.6,Flash,Streaming Era (2010+),Coproduction
The Deep,22.0,1,7.8,CGI,Streaming Era (2010+),Coproduction
The Dick & Paula Celebrity Special,30.0,0,7.3,Traditional,Modern (97-09),United States
The Critic,522.0,1,7.8,Traditional,Golden Age (85-96),United States
The Cat in the Hat Knows a Lot About That!,26.0,0,6.5,Flash,Streaming Era (2010+),Coproduction
The Caribou Kitchen,10.0,1,7.9,Traditional,Golden Age (85-96),United Kingdom
The Baby Huey Show,30.0,0,7.2,Traditional,Golden Age (85-96),United States
The Bellflower Bunnies,26.0,1,7.5,Traditional,Modern (97-09),Coproduction
The Berenstain Bears,30.0,1,7.7,Traditional,Modern (97-09),Canada
The Big Knights,10.0,1,8.4,Flash,Modern (97-09),United Kingdom
The Blobs,22.0,0,6.2,Traditional,Modern (97-09),United Kingdom
The Boss Baby: Back in Business,25.0,0,6.5,CGI,Streaming Era (2010+),Germany
The Boss Baby: Back in the Crib,25.0,0,5.8,CGI,Streaming Era (2010+),United States
The Bots Master,23.0,0,7.3,Traditional,Golden Age (85-96),Coproduction
The Brothers Grunt,30.0,0,3.0,Traditional,Golden Age (85-96),Coproduction
The Bumble Nums,54.0,1,8.3,Flash,Streaming Era (2010+),Canada
The Buzz on Maggie,30.0,0,5.7,Flash,Modern (97-09),United States
The California Raisin Show,30.0,0,6.2,Traditional,Golden Age (85-96),United States
The Avengers: United They Stand,30.0,0,5.3,Traditional,Modern (97-09),United States
Tarzan and Jane,22.0,0,4.9,CGI,Streaming Era (2010+),Coproduction
Station Zero,30.0,0,6.6,Traditional,Modern (97-09),United States
Steven Universe,11.0,1,8.1,Traditional,Streaming Era (2010+),United States
Stickin' Around,22.0,0,7.1,Traditional,Golden Age (85-96),Canada
Stillwater,25.0,1,8.3,CGI,Streaming Era (2010+),Coproduction
Stitch & Ai,23.0,0,6.2,"Traditional (3 episodes), Flash(?)",Streaming Era (2010+),China
Street Sharks,22.0,0,6.2,Traditional,Golden Age (85-96),United States
Stressed Eric,30.0,0,7.4,Traditional,Modern (97-09),United Kingdom
Stoppit and Tidyup,5.0,0,7.5,Traditional,Golden Age (85-96),United Kingdom
Static Shock,30.0,1,7.4,Traditional,Modern (97-09),United States
Stargate Infinity,30.0,0,3.6,Traditional,Modern (97-09),United States
Spliced,22.0,0,6.8,Flash,Modern (97-09),Canada
SpongeBob SquarePants,23.0,1,8.2,Traditional,Modern (97-09),United States
Squidbillies,11.0,1,6.6,Traditional,Modern (97-09),United States
Stanley,30.0,0,6.5,Traditional,Modern (97-09),United States
Star Trek: Lower Decks,25.0,1,7.8,Traditional,Streaming Era (2010+),United States
Star Trek: Prodigy,24.0,0,7.6,CGI,Streaming Era (2010+),United States
Star Wars: The Bad Batch,30.0,1,7.8,CGI,Streaming Era (2010+),United States
Student Bodies,30.0,0,7.1,Traditional,Modern (97-09),Canada
Swamp Thing,30.0,0,6.3,Traditional,Golden Age (85-96),United States
SWAT Kats: The Radical Squadron,22.0,1,8.4,Traditional,Golden Age (85-96),United States
Sylvanian Families,25.0,1,7.9,Traditional,Golden Age (85-96),United States
T.U.F.F. Puppy,24.0,0,5.6,Traditional,Streaming Era (2010+),United States
Take Two with Phineas and Ferb,2.0,0,6.1,Traditional,Streaming Era (2010+),United States
Tales from the Cryptkeeper,30.0,1,7.5,Traditional,Golden Age (85-96),Coproduction
TaleSpin,30.0,0,7.5,Traditional,Golden Age (85-96),United States
Talking Tom Heroes,22.0,0,6.7,Flash,Streaming Era (2010+),Coproduction
Supernatural Academy,23.0,0,6.9,CGI,Streaming Era (2010+),United States
The Dragon Prince,26.0,1,8.2,Flash,Streaming Era (2010+),United States
SuperMansion,30.0,1,7.6,Stop Motion,Streaming Era (2010+),United States
Superman,30.0,0,7.0,Traditional,Golden Age (85-96),United States
Subway Surfers: The Animated Series,17.0,0,7.0,Flash,Streaming Era (2010+),United States
Summer Camp Island,11.0,1,7.8,Traditional,Streaming Era (2010+),United States
Sunny Bunnies,4.0,0,6.0,CGI,Streaming Era (2010+),Belarus
Super Dave: Daredevil for Hire,30.0,0,6.6,Traditional,Golden Age (85-96),United States
Super Drags,24.0,0,5.5,Traditional,Streaming Era (2010+),Brazil
Super Giant Robot Brothers,26.0,0,6.6,CGI,Streaming Era (2010+),United States
Super Mario World,30.0,0,6.5,Traditional,Golden Age (85-96),Coproduction
Super Wings,15.0,0,5.9,CGI,Streaming Era (2010+),Coproduction
Super Wish,22.0,1,8.5,Flash,Streaming Era (2010+),Canada
Superman: The Animated Series,30.0,1,8.1,Traditional,Golden Age (85-96),United States
Dreamkix,22.0,1,8.1,CGI,Streaming Era (2010+),South Korea
Hammerman,30.0,0,4.0,Traditional,Golden Age (85-96),Coproduction
Dragons: The Nine Realms,23.0,0,5.3,CGI,Streaming Era (2010+),United States
Ace Ventura: Pet Detective,30.0,0,5.6,Traditional,Golden Age (85-96),Coproduction
Action Dad,22.0,0,7.5,Flash,Streaming Era (2010+),Coproduction
Action Man,30.0,0,5.9,"Traditional, Live-Action",Golden Age (85-96),United Kingdom
Action Man,30.0,0,6.3,CGI,Modern (97-09),Canada
Action Pack,29.0,0,5.0,CGI,Streaming Era (2010+),Coproduction
"Ada Twist, Scientist",12.0,0,5.5,CGI,Streaming Era (2010+),United States
Adventure Beast,20.0,0,5.4,Flash,Streaming Era (2010+),United States
Adventure Time,23.0,1,8.7,Traditional,Streaming Era (2010+),United States
Adventures from the Book of Virtues,30.0,0,7.1,Traditional,Golden Age (85-96),United States
Adventures of Sonic the Hedgehog,30.0,0,6.3,Traditional,Golden Age (85-96),United States
Æon Flux,30.0,1,7.8,Traditional,Golden Age (85-96),United States
Aaahh!!! Real Monsters,30.0,1,7.2,Traditional,Golden Age (85-96),United States
A Tale Dark & Grimm,26.0,0,7.2,CGI,Streaming Era (2010+),United States
A Pup Named Scooby-Doo,30.0,0,6.8,Traditional,Golden Age (85-96),United States
¡Mucha Lucha!,22.0,0,5.8,Flash,Modern (97-09),United States
100% Wolf: Legend of the Moonstone,22.0,0,5.3,CGI,Streaming Era (2010+),Australia
101 Dalmatians: The Series,30.0,0,6.1,Traditional,Modern (97-09),United States
12 oz. Mouse,15.0,0,6.6,Flash,Modern (97-09),United States
2 Stupid Dogs,22.0,0,7.1,Traditional,Golden Age (85-96),United States
3 Amigonauts,22.0,0,6.3,Flash,Streaming Era (2010+),Canada
3-2-1 Penguins!,30.0,0,6.6,CGI,Modern (97-09),Coproduction
3000 Whys of Blue Cat,13.0,0,6.8,Traditional,Modern (97-09),China
3rd & Bird,10.0,1,7.7,Flash,Modern (97-09),Coproduction
44 Cats,13.0,0,5.8,CGI,Streaming Era (2010+),Italy
64 Zoo Lane,11.0,0,6.4,Traditional,Modern (97-09),Coproduction
A Bunch of Munsch,30.0,0,7.4,Traditional,Golden Age (85-96),Canada
A Miss Mallard Mystery,22.0,1,8.0,Traditional,Modern (97-09),Coproduction
3Below: Tales of Arcadia,24.0,1,7.6,CGI,Streaming Era (2010+),United States
Alejo & Valentina,30.0,1,7.7,Flash,Modern (97-09),Argentina
Amphibia,23.0,1,8.3,Traditional,Streaming Era (2010+),United States
Anatole,30.0,0,7.4,Traditional,Modern (97-09),Canada
Angela Anaconda,30.0,0,4.6,Stop Motion,Modern (97-09),Coproduction
Angelina Ballerina,23.0,0,5.6,Traditional,Modern (97-09),United Kingdom
Angelmouse,5.0,0,7.3,Traditional,Modern (97-09),United Kingdom
Angry Birds Blues,2.0,0,6.5,CGI,Streaming Era (2010+),Finland
Angry Birds Toons,3.0,0,6.4,Flash/Traditional,Streaming Era (2010+),Finland
Angry Birds: Summer Madness,11.0,0,5.7,Flash,Streaming Era (2010+),Coproduction
Angry Kid,1.0,0,7.0,Stop Motion,Modern (97-09),United Kingdom
Animal Crackers,23.0,1,7.3,Traditional,Modern (97-09),Coproduction
Animaniacs,21.0,1,7.8,Traditional,Golden Age (85-96),United States
Animism,30.0,0,5.3,Traditional,Streaming Era (2010+),Canada
American Dragon: Jake Long,30.0,0,6.6,Traditional,Modern (97-09),United States
American Dad!,22.0,1,7.4,"Traditional (seasons 1–3), Flash (season 4-present)",Modern (97-09),United States
ALVINNN!!! and the Chipmunks,11.0,0,4.7,CGI,Streaming Era (2010+),Coproduction
ALF Tales,30.0,0,6.3,Traditional,Golden Age (85-96),United States
Alfred J. Kwak,25.0,1,7.8,Traditional,Golden Age (85-96),Coproduction
Alice's Wonderland Bakery,22.0,0,6.1,CGI,Streaming Era (2010+),United States
Alien Racers,30.0,0,7.2,CGI,Modern (97-09),Coproduction
Alienators: Evolution Continues,30.0,0,5.6,Traditional,Modern (97-09),United States
All Dogs Go to Heaven: The Series,22.0,0,6.5,Traditional,Golden Age (85-96),United States
Alma's Way,22.0,0,7.6,Traditional,Streaming Era (2010+),Coproduction
Almost Naked Animals,22.0,0,3.2,Flash,Streaming Era (2010+),Canada
Alphablocks,5.0,1,7.8,CGI,Streaming Era (2010+),United Kingdom
All Grown Up!,30.0,0,5.5,Traditional,Modern (97-09),United States
Drawn Together,22.0,0,7.1,Traditional,Modern (97-09),United States
Zou,11.0,0,7.2,CGI,Streaming Era (2010+),France
Braceface,30.0,0,6.4,Traditional,Modern (97-09),Coproduction
Devil May Care,12.0,0,6.2,Flash,Streaming Era (2010+),United States
Budgie the Little Helicopter,11.0,0,5.7,Traditional,Golden Age (85-96),United Kingdom
Buddi,12.0,0,6.9,CGI,Streaming Era (2010+),United States
Dexter's Laboratory,23.0,1,7.8,Traditional,Golden Age (85-96),United States
Bruno the Kid,22.0,0,6.4,Traditional,Golden Age (85-96),United States
Bromwell High,30.0,0,6.9,Flash,Modern (97-09),Coproduction
Bugs Bunny Builders,11.0,0,6.5,Traditional,Streaming Era (2010+),United States
BraveStarr,30.0,0,7.1,Traditional,Golden Age (85-96),United States
Dick Figures,2.0,1,7.7,Flash,Streaming Era (2010+),United States
Dicktown,23.0,0,6.9,Traditional/Flash,Streaming Era (2010+),United States
Bratz,21.0,0,4.3,CGI,Modern (97-09),United States
Brandy & Mr. Whiskers,30.0,0,6.4,Flash,Modern (97-09),United States
Brady's Beasts,30.0,0,6.3,Traditional,Modern (97-09),Canada
Crash Canyon,22.0,0,4.4,Flash,Streaming Era (2010+),Canada
Dilbert,30.0,0,7.3,Traditional,Modern (97-09),United States
Boy Girl Dog Cat Mouse Cheese,11.0,0,6.2,Flash,Streaming Era (2010+),Coproduction
Bounty Hunters,30.0,0,2.2,Traditional,Streaming Era (2010+),Coproduction
Boris and Rufus,11.0,1,8.5,Flash,Streaming Era (2010+),Brazil
Brave Bunnies,7.0,0,7.6,Flash,Streaming Era (2010+),United Kingdom
Bordertown,60.0,0,7.6,Flash,Streaming Era (2010+),United States
Detention,30.0,0,7.1,Traditional,Modern (97-09),United States
Capitol Critters,30.0,0,6.4,Traditional,Golden Age (85-96),United States
Deepa & Anoop,25.0,1,7.9,CGI,Streaming Era (2010+),United States
Delfy and His Friends,23.0,0,4.2,Traditional,Golden Age (85-96),Spain
Camp Lakebottom,22.0,0,5.4,Flash,Streaming Era (2010+),Canada
Camp Candy,30.0,0,6.8,Traditional,Golden Age (85-96),United States
Caillou,30.0,0,3.9,"Traditional, Flash",Modern (97-09),Canada
Cadillacs and Dinosaurs,30.0,0,7.1,Traditional,Golden Age (85-96),Coproduction
Detentionaire,22.0,1,8.0,Flash,Streaming Era (2010+),Canada
C.O.P.S.,30.0,0,7.0,Traditional,Golden Age (85-96),United States
Buzz Lightyear of Star Command,30.0,0,6.7,Traditional,Modern (97-09),United States
Butterbean's Café,22.0,0,6.6,CGI,Streaming Era (2010+),Coproduction
"Denver, the Last Dinosaur",30.0,0,6.4,Traditional,Golden Age (85-96),United States
Bureau of Alien Detectors,20.0,0,7.6,Traditional,Golden Age (85-96),United States
Bunsen Is a Beast,22.0,0,4.0,Flash,Streaming Era (2010+),United States
Bunnicula,11.0,0,7.2,Flash,Streaming Era (2010+),United States
Bump in the Night,25.0,1,7.9,Live-Action/Stop-Motion,Golden Age (85-96),United States
Descendants: Wicked World,2.0,0,6.3,CGI,Streaming Era (2010+),United States
Bump,5.0,1,7.8,Traditional,Golden Age (85-96),United Kingdom
C.L.Y.D.E.,25.0,0,6.8,Traditional,Golden Age (85-96),Canada
Bless the Harts,30.0,0,5.9,Traditional,Streaming Era (2010+),United States
Blazing Dragons,23.0,1,7.6,Traditional,Golden Age (85-96),Coproduction
Blaster's Universe,30.0,0,7.3,Traditional,Modern (97-09),Coproduction
Birdz,21.0,0,6.9,Traditional,Modern (97-09),Canada
"Do, Re & Mi",30.0,0,7.1,CGI,Streaming Era (2010+),United States
Bionic Six,22.0,0,7.3,Traditional,Golden Age (85-96),United States
Binka,5.0,0,6.0,Traditional,Modern (97-09),United Kingdom
Bimble's Bucket,10.0,1,8.2,Traditional,Golden Age (85-96),United Kingdom
Dog City,23.0,0,7.2,Traditional,Golden Age (85-96),Coproduction
Billy the Cat,30.0,0,6.7,Traditional,Golden Age (85-96),Coproduction
Billy,10.0,1,8.2,Traditional,Modern (97-09),France
Dogs in Space,18.0,0,7.2,Traditional,Streaming Era (2010+),United States
Donald's Quack Attack,22.0,1,7.9,Traditional,Golden Age (85-96),United States
Donkey Kong Country,137.0,0,5.4,CGI,Modern (97-09),Coproduction
Bill & Ted's Excellent Adventures,30.0,0,6.4,Traditional,Golden Age (85-96),United States
Dofus: The Treasures of Kerubim,13.0,1,7.8,Flash,Streaming Era (2010+),France
"Dink, the Little Dinosaur",30.0,0,7.1,Traditional,Golden Age (85-96),United States
Block 13,10.0,0,4.3,Traditional,Modern (97-09),Kuwait
Blue's Clues,25.0,1,6.9,"Traditional, Live-Action",Golden Age (85-96),Coproduction
Dino Babies,16.0,0,7.1,Traditional,Golden Age (85-96),United States
Dino Ranch,22.0,0,5.3,CGI,Streaming Era (2010+),United States
Dino-Riders,22.0,0,7.1,Traditional,Golden Age (85-96),United States
Dinosaucers,30.0,0,6.4,Traditional,Golden Age (85-96),United States
Bonkers,27.0,0,6.7,Traditional,Golden Age (85-96),United States
BoBoiBoy Galaxy,23.0,1,7.9,CGI,Streaming Era (2010+),Malaysia
BoBoiBoy,22.0,0,7.2,CGI,Streaming Era (2010+),Malaysia
Blood of Zeus,30.0,0,7.5,Traditional,Streaming Era (2010+),United States
Bobobobs,23.0,0,6.8,Traditional,Golden Age (85-96),Spain
Dinotrux,23.0,1,6.7,CGI,Streaming Era (2010+),Coproduction
Bobby's World,30.0,1,7.2,Traditional,Golden Age (85-96),United States
Bob's Burgers,22.0,1,8.2,Flash (season 1)/Traditional (other seasons),Streaming Era (2010+),United States
Disenchantment,30.0,1,7.2,Traditional,Streaming Era (2010+),United States
Dive Olly Dive!,11.0,0,5.3,CGI,Modern (97-09),Australia
Bluey,7.0,1,9.3,Flash,Streaming Era (2010+),Australia
Captain Flinn and the Pirate Dinosaurs,11.0,0,6.9,Flash,Streaming Era (2010+),Australia
Captain N: The Game Master,25.0,0,6.3,Traditional,Golden Age (85-96),United States
Captain Planet and the Planeteers,23.0,1,6.7,Traditional,Golden Age (85-96),United States
Crossing Swords,22.0,0,6.7,Stop Motion,Streaming Era (2010+),United States
Cubix: Robots for Everyone,24.0,0,6.0,CGI,Modern (97-09),South Korea
Close Enough,23.0,1,7.8,Traditional,Streaming Era (2010+),United States
Cupcake & Dino: General Services,23.0,0,7.5,Traditional,Streaming Era (2010+),Coproduction
Clone High,30.0,1,8.1,Traditional,Modern (97-09),Coproduction
Cyberchase,30.0,1,6.9,"Traditional (Season 1–5), Flash (Season 6–present)",Modern (97-09),Coproduction
Cybersix,30.0,0,7.6,Traditional,Modern (97-09),Coproduction
Clifford the Big Red Dog,30.0,0,6.5,Traditional,Modern (97-09),Coproduction
Cloudy with a Chance of Meatballs,30.0,0,3.6,Flash,Streaming Era (2010+),Coproduction
Clifford the Big Red Dog,30.0,0,7.0,Traditional,Golden Age (85-96),Canada
Cleo & Cuquin,7.0,0,7.0,CGI,Streaming Era (2010+),Spain Mexico
Class of 3000,30.0,0,6.5,Flash,Modern (97-09),United States
City of Ghosts,20.0,0,7.6,CGI,Streaming Era (2010+),Coproduction
Circle Square,7.0,0,7.0,Flash,Streaming Era (2010+),Coproduction
Da Jammies,22.0,0,7.5,CGI,Streaming Era (2010+),Coproduction
Crashbox,25.0,1,8.7,"Traditional, CGI, Live-Action, Stop Motion",Modern (97-09),Coproduction
Cow and Chicken,30.0,0,6.5,Traditional,Modern (97-09),United States
Courage the Cowardly Dog,11.0,1,8.3,Traditional,Modern (97-09),United States
Counterfeit Cat,21.0,0,6.8,Flash,Streaming Era (2010+),Coproduction
Count Duckula,22.0,1,7.4,Traditional,Golden Age (85-96),Coproduction
Creature Comforts,10.0,1,7.9,Stop Motion,Modern (97-09),United Kingdom
Cococinel,4.0,0,7.7,Traditional,Golden Age (85-96),France
Conan the Adventurer,25.0,0,7.3,Traditional,Golden Age (85-96),Coproduction
Conan and the Young Warriors,25.0,0,7.1,Traditional,Golden Age (85-96),United States
Creepy Crawlers,21.0,0,6.6,Traditional,Golden Age (85-96),Coproduction
Committed,30.0,0,5.8,Traditional,Modern (97-09),Canada
Creepy Crawlies,10.0,0,7.3,Traditional,Golden Age (85-96),United Kingdom
Colourblocks,5.0,1,8.4,CGI,Streaming Era (2010+),United Kingdom
Codename: Kids Next Door,23.0,1,7.2,Traditional,Modern (97-09),United States
Cro,30.0,1,8.4,Traditional,Golden Age (85-96),United States
Code Lyoko,26.0,1,7.3,CGI/Traditional,Modern (97-09),France
Corduroy,30.0,0,7.5,Traditional,Modern (97-09),Coproduction
Chucklewood Critters,30.0,1,7.6,Traditional,Modern (97-09),United States
Casper's Scare School,11.0,0,4.5,CGI,Modern (97-09),Coproduction
Cartoon Sushi,30.0,0,7.3,Traditional,Modern (97-09),Coproduction
Daria,30.0,1,8.1,Traditional,Modern (97-09),United States
Dark Oracle,30.0,0,7.4,Traditional,Modern (97-09),Canada
Darkwing Duck,30.0,1,7.6,Traditional,Golden Age (85-96),United States
Dave the Barbarian,30.0,0,7.0,Traditional,Modern (97-09),United States
Dawn of the Croods,23.0,0,5.9,Traditional (Flash for the first few episodes),Streaming Era (2010+),United States
DC Super Hero Girls,3.0,0,6.3,Flash,Streaming Era (2010+),United States
Catch! Teenieping,13.0,0,5.0,CGI,Streaming Era (2010+),South Korea
Carland Cross,26.0,1,8.3,Traditional,Golden Age (85-96),Coproduction
Carl²,22.0,0,6.3,Flash,Modern (97-09),Canada
DC Super Hero Girls,11.0,0,7.3,Flash,Streaming Era (2010+),United States
Dead End: Paranormal Park,27.0,0,6.0,Traditional,Streaming Era (2010+),United States
Care Bears: Unlock the Magic,11.0,0,6.5,Flash,Streaming Era (2010+),United States
Care Bears: Adventures in Care-a-lot,30.0,0,5.8,"Flash (theme song), Traditional (episodes)",Modern (97-09),United States
Deathstroke: Knights & Dragons,92.0,0,6.6,Traditional,Streaming Era (2010+),United States
Captain Zed and the Zee Zone,22.0,0,7.6,Traditional,Golden Age (85-96),United Kingdom
Captain Star,30.0,1,7.7,Traditional,Modern (97-09),Coproduction
Captain Simian & the Space Monkeys,22.0,0,7.5,Traditional,Golden Age (85-96),United States
Carmen Sandiego,22.0,1,7.9,Flash,Streaming Era (2010+),Coproduction
CatDog,23.0,0,6.5,Traditional,Modern (97-09),United States
Catscratch,23.0,0,6.6,Traditional,Modern (97-09),United States
Chris Colorado,26.0,1,8.3,Traditional,Modern (97-09),France
Chowder,11.0,1,7.3,Traditional,Modern (97-09),United States
Chip and Potato,23.0,0,6.0,Flash,Streaming Era (2010+),Coproduction
Chip 'n' Dale: Park Life,23.0,0,6.2,Flash,Streaming Era (2010+),Coproduction
Chicago Party Aunt,30.0,0,5.7,Flash,Streaming Era (2010+),United States
Chibiverse,22.0,0,5.4,Traditional,Streaming Era (2010+),United States
Dance-A-Lot Robot,3.0,1,8.8,CGI/Live-action,Streaming Era (2010+),United States
Charlie Chalk,15.0,0,7.2,Stop Motion,Golden Age (85-96),United Kingdom
Charlie and Lola,22.0,0,6.6,Flash,Modern (97-09),United Kingdom
Chaplin & Co,7.0,0,5.7,CGI,Streaming Era (2010+),Coproduction
Chaotic,30.0,0,6.7,Flash,Modern (97-09),Coproduction
Channel Umptee-3,30.0,0,6.3,Traditional,Modern (97-09),United States
Central Park,25.0,0,6.9,Flash,Streaming Era (2010+),United States
Centaurworld,25.0,1,7.7,Traditional,Streaming Era (2010+),United States
Celebrity Deathmatch,25.0,1,6.9,Stop Motion,Modern (97-09),Coproduction
Cédric,13.0,1,7.6,Traditional,Modern (97-09),France
Biker Mice from Mars,30.0,0,7.0,Traditional,Golden Age (85-96),United States
Crapston Villas,10.0,0,7.2,Stop Motion,Golden Age (85-96),United Kingdom
BB3B,20.0,0,6.3,Traditional,Modern (97-09),United Kingdom
Doug Unplugs,23.0,0,7.1,CGI,Streaming Era (2010+),United States
Astro Farm,10.0,1,7.5,Stop Motion,Golden Age (85-96),United Kingdom
Arcane,40.0,1,9.0,CGI,Streaming Era (2010+),United States
Aqua Teen Hunger Force,15.0,1,7.7,Flash/Traditional,Modern (97-09),United States
Battle Kitty,30.0,0,6.3,CGI,Streaming Era (2010+),United States
Battle for Dream Island,20.0,1,8.6,Flash,Streaming Era (2010+),United States
Batman: The Brave and the Bold,30.0,1,7.4,Traditional,Modern (97-09),United States
Batman: The Animated Series,23.0,1,9.0,Traditional,Golden Age (85-96),United States
Batman Beyond,23.0,1,8.1,Traditional,Modern (97-09),United States
Best Bugs Forever,11.0,0,7.6,Traditional/Flash,Streaming Era (2010+),France
Bat Pat,15.0,0,7.3,Traditional,Streaming Era (2010+),Coproduction
Atomic Betty,30.0,0,5.4,Flash,Modern (97-09),Coproduction
Atomic Puppet,22.0,0,5.7,Flash,Streaming Era (2010+),Coproduction
Barnyard Commandos,30.0,0,7.5,Traditional,Golden Age (85-96),United States
Barney,5.0,0,6.9,Traditional,Golden Age (85-96),United Kingdom
Apollo Gauntlet,11.0,0,6.6,Traditional,Streaming Era (2010+),United States
Ask the StoryBots,24.0,1,8.5,CGI/Flash,Streaming Era (2010+),United States
"Be Cool, Scooby-Doo!",23.0,0,6.7,Traditional,Streaming Era (2010+),United States
Dragon Flyz,21.0,0,7.1,Traditional,Golden Age (85-96),Coproduction
Beethoven,25.0,0,5.3,Traditional,Golden Age (85-96),United States
Beetlejuice,22.0,1,7.3,Traditional,Golden Age (85-96),United States
Arthur,30.0,1,7.4,"Traditional, later Flash",Golden Age (85-96),Coproduction
Bee and PuppyCat,7.0,1,8.1,Traditional,Streaming Era (2010+),United States
Dot.,11.0,1,7.6,Flash,Streaming Era (2010+),Coproduction
Dragon Booster,30.0,1,7.4,CGI,Modern (97-09),Canada
Ben 10: Alien Force,22.0,1,7.6,Traditional,Modern (97-09),United States
Beavis and Butt-head,15.0,1,7.5,Traditional,Golden Age (85-96),United States
Beat Bugs,24.0,1,7.5,CGI,Streaming Era (2010+),Coproduction
Attack of the Killer Tomatoes,23.0,0,6.1,Traditional,Golden Age (85-96),United States
Argai: The Prophecy,24.0,1,8.0,Traditional,Modern (97-09),France
Beast Wars: Transformers,30.0,1,8.1,CGI,Golden Age (85-96),Coproduction
Dota: Dragon's Blood,25.0,1,7.7,Traditional,Streaming Era (2010+),United States
Archie's Weird Mysteries,30.0,0,7.3,Traditional,Modern (97-09),Coproduction
Double Dragon,30.0,0,6.3,Traditional,Golden Age (85-96),United States
Ben 10: Omniverse,22.0,1,6.7,Traditional,Streaming Era (2010+),United States
Ben 10: Ultimate Alien,22.0,1,7.8,Traditional,Streaming Era (2010+),United States
Doug,30.0,1,7.4,Traditional,Golden Age (85-96),Coproduction
Dora the Explorer,30.0,0,4.4,Traditional,Modern (97-09),United States
Archibald's Next Big Thing,24.0,0,7.5,Flash,Streaming Era (2010+),United States
Beast Machines: Transformers,30.0,0,6.7,CGI,Modern (97-09),Coproduction
As Told by Ginger,30.0,0,6.9,Traditional,Modern (97-09),United States
Beverly Hills Teens,30.0,0,6.6,Traditional,Golden Age (85-96),United States
Big Hero 6: The Series,21.0,0,7.2,Traditional,Streaming Era (2010+),United States
Anthony Ant,30.0,0,7.4,Traditional,Modern (97-09),United States
Ba Da Bean,11.0,1,8.2,Flash,Streaming Era (2010+),Brazil
Big Guy and Rusty the Boy Robot,30.0,1,7.6,Traditional,Modern (97-09),United States
Big Blue,11.0,1,8.2,Flash,Streaming Era (2010+),Canada
Beware the Batman,22.0,0,7.3,CGI,Streaming Era (2010+),United States
Baby Jake,11.0,0,5.2,Flash,Streaming Era (2010+),United Kingdom
Balloon Barnyard,7.0,1,7.8,CGI,Streaming Era (2010+),Australia
Babar and the Adventures of Badou,11.0,0,6.0,CGI,Streaming Era (2010+),Coproduction
Big Nate,22.0,0,6.6,CGI,Streaming Era (2010+),United States
Avatar: The Last Airbender,23.0,1,9.3,Traditional,Modern (97-09),United States
Babar,30.0,0,6.5,Traditional,Golden Age (85-96),Canada
Big Mouth,30.0,1,7.8,Traditional,Streaming Era (2010+),United States
Baby Blues,30.0,0,7.1,Traditional,Modern (97-09),United States
Avenger Penguins,22.0,0,7.2,Traditional,Golden Age (85-96),United Kingdom
"Dr. Katz, Professional Therapist",30.0,1,7.7,Traditional,Golden Age (85-96),United States
Bad Dog,21.0,0,5.1,Traditional,Modern (97-09),Coproduction
Back at the Barnyard,25.0,0,5.8,CGI,Modern (97-09),United States
Back to the Future,23.0,0,6.4,Traditional,Golden Age (85-96),Coproduction
Big Tree City,24.0,1,8.1,CGI,Streaming Era (2010+),United Kingdom
Doomsday Brothers,22.0,0,5.7,Flash,Streaming Era (2010+),Canada
Baby Looney Tunes,22.0,0,6.2,Traditional,Modern (97-09),United States
Dr. Zitbag's Transylvania Pet Shop,30.0,0,7.0,Traditional,Golden Age (85-96),Coproduction
Dragon Tales,30.0,0,6.5,Traditional,Modern (97-09),Coproduction
Kevin Spencer,30.0,1,6.8,Traditional,Modern (97-09),Canada
"Harvey Birdman, Attorney at Law",15.0,1,8.0,Flash,Modern (97-09),United States
Alice & Lewis,11.0,1,7.8,CGI,Streaming Era (2010+),France
The Triplets,24.0,0,6.2,Traditional,Golden Age (85-96),Spain
The Twisted Whiskers Show,30.0,0,7.3,CGI,Streaming Era (2010+),Coproduction
Kangaroo Beach,11.0,0,7.1,CGI,Streaming Era (2010+),Australian
Chloe's Closet,11.0,0,5.4,Flash,Streaming Era (2010+),United Kingdom
The Brak Show,15.0,0,7.1,Flash,Modern (97-09),United States
Avengers Assemble,23.0,1,7.0,Traditional,Streaming Era (2010+),United States
Hareport,13.0,1,8.3,CGI,Streaming Era (2010+),France
Albie,10.0,0,6.8,Traditional,Modern (97-09),United Kingdom
Spaced Out,26.0,0,7.2,Traditional,Modern (97-09),Coproduction
Axe Cop,15.0,0,7.3,Traditional,Streaming Era (2010+),United States
The Lampies,11.0,0,7.3,Traditional,Modern (97-09),United Kingdom
The Kids from Room 402,23.0,1,8.2,Traditional,Modern (97-09),Coproduction
The Beachbuds,11.0,1,8.1,CGI,Streaming Era (2010+),Canada
The Venture Bros.,22.0,1,8.6,Traditional,Modern (97-09),United States
Cave Kids,30.0,0,6.0,Traditional,Golden Age (85-96),United States
Space Ghost Coast to Coast,15.0,1,7.9,"Traditional (1994–1996), Flash (1997–2008)",Golden Age (85-96),United States
Dan Dare: Pilot of the Future,30.0,0,6.9,CGI,Modern (97-09),Coproduction
Jay Jay the Jet Plane,11.0,0,3.8,"CGI, Live-Action",Modern (97-09),United States
Aaagh! It's the Mr. Hell Show!,25.0,0,7.2,Flash,Modern (97-09),Coproduction
Nerds and Monsters,30.0,0,4.8,Flash,Streaming Era (2010+),Canada
Banja,26.0,0,6.6,Flash,Modern (97-09),France
Talking Tom and Friends Minis,4.0,0,7.4,Flash,Streaming Era (2010+),Coproduction
Oscar's Orchestra,30.0,1,7.9,Traditional,Golden Age (85-96),Coproduction
The Cramp Twins,30.0,0,6.1,Traditional,Modern (97-09),Coproduction
The Country Mouse and the City Mouse Adventures,23.0,0,7.5,Traditional,Modern (97-09),Coproduction
The Untouchables of Elliot Mouse,30.0,0,7.5,Traditional,Modern (97-09),Spain
Butt-Ugly Martians,30.0,0,3.5,CGI,Modern (97-09),Coproduction
1001 Nights,11.0,1,7.8,Flash,Streaming Era (2010+),Canada
Juniper Jungle,10.0,0,7.2,Traditional,Golden Age (85-96),United Kingdom
Transformers: Robots in Disguise,22.0,0,6.0,Traditional/Flash,Streaming Era (2010+),Coproduction
Junglies,5.0,1,8.4,Traditional,Golden Age (85-96),United Kingdom
Transformers: Rescue Bots,20.0,0,6.6,Traditional (season 1)/Flash (season 2-4),Streaming Era (2010+),United States
Strawberry Shortcake's Berry Bitty Adventures,29.0,0,6.3,CGI,Streaming Era (2010+),Coproduction
Class of the Titans,23.0,0,7.1,Traditional,Modern (97-09),Canada
Oggy and the Cockroaches,8.0,1,7.5,Traditional,Modern (97-09),France
The Garfield Show,25.0,0,5.8,CGI,Modern (97-09),Coproduction
Danny Phantom,30.0,1,7.2,Traditional,Modern (97-09),United States
The Freak Brothers,25.0,0,6.0,Flash,Streaming Era (2010+),United States
The Wombles,10.0,0,7.2,Stop Motion,Modern (97-09),Coproduction
Super Duper Sumos,30.0,0,3.7,Traditional,Modern (97-09),United States
Bali,13.0,0,7.6,Traditional,Modern (97-09),Coproduction
Tracey McBean,11.0,0,6.6,Traditional,Modern (97-09),Australia
King Star King,15.0,0,5.7,Flash/Traditional,Streaming Era (2010+),United States
The Busy World of Richard Scarry,30.0,1,7.4,Traditional,Golden Age (85-96),Coproduction
Mortal Kombat: Defenders of the Realm,30.0,0,5.8,Traditional,Golden Age (85-96),United States
Mr. Pickles,15.0,1,7.3,Flash,Streaming Era (2010+),United States
Pinocchio,59.0,1,8.0,Traditional,Streaming Era (2010+),United States
Grojband,22.0,0,6.7,Flash,Streaming Era (2010+),Canada
Walter Melon,26.0,0,6.4,Traditional,Modern (97-09),Coproduction
Pinky Malinky,12.0,0,5.9,Flash,Streaming Era (2010+),United States
Make Way for Noddy,15.0,0,5.8,CGI,Modern (97-09),Coproduction
Valt the Wonder Deer,13.0,1,8.3,Flash,Streaming Era (2010+),Coproduction
Black Dynamite,22.0,1,8.1,Flash,Streaming Era (2010+),United States
"Rubbish, King of the Jumble",10.0,1,8.6,Traditional,Golden Age (85-96),United Kingdom
Endangered Species,22.0,0,5.8,CGI,Streaming Era (2010+),Canada
Animal Stories,5.0,1,7.5,Traditional,Modern (97-09),United States
Roboroach,30.0,0,6.8,Traditional,Modern (97-09),Canada
Animal Mechanicals,11.0,0,6.2,CGI,Modern (97-09),Canada
Lupo Alberto,30.0,0,6.7,Traditional,Modern (97-09),Italy
Littlest Pet Shop: A World of Our Own,11.0,0,5.8,Flash,Streaming Era (2010+),United States
Bob the Builder,10.0,0,5.7,Stop Motion,Modern (97-09),Ireland
Sea Princesses,12.0,0,5.6,Flash,Modern (97-09),Coproduction
Sealab 2021,11.0,1,7.8,Flash,Modern (97-09),United States
My Big Big Friend,11.0,0,7.3,Flash,Streaming Era (2010+),Coproduction
The Loud House,22.0,1,6.9,Traditional (season 1—3) Flash/Toon Boom (since season 4),Streaming Era (2010+),United States
Ella the Elephant,11.0,0,6.7,CGI,Streaming Era (2010+),Canada
The Lion Guard,30.0,0,6.4,Flash/Toon Boom[1],Streaming Era (2010+),United States
Kleo the Misfit Unicorn,26.0,0,7.6,Traditional,Golden Age (85-96),Canada
Looney Tunes Cartoons,12.0,1,8.0,Traditional/Flash,Streaming Era (2010+),United States
Craig of the Creek,30.0,1,7.6,Traditional,Streaming Era (2010+),United States
Happy Ness: The Secret of the Loch,23.0,1,8.2,Traditional,Golden Age (85-96),United Kingdom
Being Ian,30.0,0,6.4,Flash,Modern (97-09),Canada
Skeleton Warriors,30.0,0,7.0,Traditional,Golden Age (85-96),United States
The Morph Files,10.0,0,7.3,Stop Motion,Golden Age (85-96),United Kingdom
We Bare Bears,30.0,1,7.8,Traditional,Streaming Era (2010+),United States
Elliot Moose,22.0,0,6.5,"Traditional, Live-Action",Modern (97-09),Canada
Bert and Ernie's Great Adventures,5.0,1,8.3,Stop Motion,Modern (97-09),Coproduction
Sheriff Callie's Wild West,25.0,0,6.2,CGI,Streaming Era (2010+),Coproduction
The Problem Solverz,11.0,0,2.0,Flash,Streaming Era (2010+),United States
Shelldon,22.0,0,6.7,CGI,Modern (97-09),Coproduction
Doodlez,2.0,0,7.2,Flash,Modern (97-09),Canada
The Brothers Flub,30.0,0,4.0,Traditional,Modern (97-09),United States
Lost In Oz,24.0,0,7.5,CGI,Streaming Era (2010+),United States
Danger Rangers,29.0,0,7.7,Traditional,Modern (97-09),United States
Tiny Planets,5.0,0,7.2,CGI,Modern (97-09),Coproduction
Rescue Heroes,30.0,0,6.7,Traditional,Modern (97-09),Canada
Queer Duck,4.0,0,6.2,Flash,Modern (97-09),United States
Hot Streets,10.0,0,6.0,Flash,Streaming Era (2010+),United States
Pucca,6.0,0,6.6,Flash,Modern (97-09),Coproduction
Lulu Vroumette,13.0,1,7.9,CGI,Streaming Era (2010+),France
Kaeloo,7.0,1,7.9,CGI,Streaming Era (2010+),France
Sharky & George,26.0,0,6.9,Traditional,Golden Age (85-96),Coproduction
101 Dalmatian Street,22.0,0,6.0,Toon Boom Harmony,Streaming Era (2010+),Coproduction
Star Street: The Adventures of the Star Kids,30.0,0,7.6,Traditional,Golden Age (85-96),Netherlands
The Magician,30.0,0,7.2,Traditional,Modern (97-09),France
Smiling Friends,12.0,1,8.5,Flash/CGI/Stop-Motion/Live-Action,Streaming Era (2010+),United States
The Moxy Show,60.0,0,7.1,CGI,Golden Age (85-96),United States
Pocket Dragon Adventures,30.0,0,6.8,Traditional,Golden Age (85-96),Coproduction
The Secret World of Santa Claus,23.0,0,7.5,Traditional,Modern (97-09),Canada
Auto-B-Good,30.0,1,8.2,CGI,Modern (97-09),United States
Maggie and the Ferocious Beast,22.0,0,6.6,Traditional,Modern (97-09),Canada
Apple & Onion,11.0,0,6.3,Flash,Streaming Era (2010+),United States
Little Big Awesome,12.0,0,7.1,Flash,Streaming Era (2010+),United States
The Forgotten Toys,15.0,0,7.6,Traditional,Golden Age (85-96),United Kingdom
"China, IL",22.0,0,7.1,Flash,Streaming Era (2010+),United States
Cracked,60.0,0,6.9,CGI,Streaming Era (2010+),Canada
Crocadoo,24.0,1,8.1,Traditional,Golden Age (85-96),Australia
Bravest Warriors,5.0,1,8.1,Traditional,Streaming Era (2010+),United States
Uncle Grandpa,15.0,0,4.7,Traditional,Streaming Era (2010+),United States
Diabolik,24.0,0,7.2,Traditional,Modern (97-09),France
Star vs. the Forces of Evil,22.0,1,7.9,"Flash (season 1), Traditional (seasons 2–4)",Streaming Era (2010+),United States
Tabaluga,22.0,0,6.1,Traditional,Modern (97-09),Coproduction
Toad Patrol,30.0,1,7.8,Traditional,Modern (97-09),Canada
Puppydog Tales,10.0,0,7.4,Traditional,Golden Age (85-96),United Kingdom
Quarxs,3.0,0,7.6,CGI,Golden Age (85-96),France
Lucas the Spider,20.0,1,8.0,CGI,Streaming Era (2010+),United States
The Silver Brumby,25.0,1,7.7,Traditional,Golden Age (85-96),Australia
Madeline,30.0,0,6.8,Traditional,Golden Age (85-96),United States
ChalkZone,22.0,0,6.5,Traditional,Modern (97-09),United States
Doki,11.0,1,7.7,Flash,Streaming Era (2010+),Canada
Turtle Island,30.0,0,5.1,Traditional,Golden Age (85-96),France
Bubble Guppies,24.0,0,6.2,"CGI, Traditional",Streaming Era (2010+),Coproduction
Bob and Margaret,30.0,1,7.4,Traditional,Modern (97-09),Coproduction
Deer Squad,11.0,0,6.0,CGI,Streaming Era (2010+),China
What-a-Mess,30.0,0,7.1,Traditional,Golden Age (85-96),United Kingdom
Nico,120.0,0,4.3,Traditional,Modern (97-09),Spain
Animals,45.0,1,7.3,Traditional,Streaming Era (2010+),United States
Rex the Runt,10.0,1,7.9,"Stop-Motion, Live-Action",Modern (97-09),United Kingdom
The Legend of Tarzan,22.0,0,6.7,Traditional,Streaming Era (2010+),United States
Flower Pot Men,12.0,1,7.7,Stop Motion,Modern (97-09),United Kingdom
Chop Chop Ninja,11.0,0,7.1,ToonBoom Harmony,Streaming Era (2010+),Canada
Gremlins: Secrets of the Mogwai,30.0,0,6.9,CGI,,United States
Karate Sheep,7.0,0,6.4,CGI,,France
Koala Man,25.0,0,6.7,Flash,,United States
Moon Girl and Devil Dinosaur,23.0,0,7.5,Traditional,,United States
My Dad the Bounty Hunter,22.0,0,7.3,CGI,,United States
Poor Devil,20.0,0,6.4,Flash,,Spain
Princess Power,15.0,0,4.7,CGI,,United States
"Rock, Paper, Scissors",30.0,0,6.5,Flash,,United States
Rubble & Crew,30.0,0,4.7,CGI,,United States
Shape Island,23.0,0,7.5,Stop Motion,,United States
Velma,25.0,0,1.6,Traditional,,United States
